snapshot_id,session_id,ai_id,timestamp,cascade_phase,cascade_id,vectors,delta,previous_snapshot_id,context_summary,evidence_refs,db_session_ref,domain_vectors,original_context_tokens,snapshot_tokens,compression_ratio,information_loss_estimate,fidelity_score,transfer_count,created_at
55cf2219-cae5-40b2-81d2-6043bda79b63,e0d68cfd-61ab-4665-b79f-5670695f6d5e,claude-code,2026-01-04T00:30:13.617278,POSTFLIGHT,,"{""KNOW"": 0.5, ""DO"": 0.5, ""CONTEXT"": 0.5, ""UNCERTAINTY"": 0.5, ""CLARITY"": 0.5, ""COHERENCE"": 0.5, ""SIGNAL"": 0.5, ""DENSITY"": 0.5, ""STATE"": 0.5, ""CHANGE"": 0.5, ""COMPLETION"": 0.5, ""IMPACT"": 0.5, ""ENGAGEMENT"": 0.5}",,,"{""semantic"": {""phase"": ""POSTFLIGHT""}, ""narrative"": ""Test snapshot creation"", ""evidence_refs"": []}",[],e0d68cfd-61ab-4665-b79f-5670695f6d5e,,600,205,0.658333333333333,0.03,0.9,0,2026-01-04T00:30:13.617292
0f8fab17-623d-4d5c-8205-8ca1ab44dc7e,8ed4ae17-e356-4e6d-987e-5d858fbb691e,claude-code,2026-01-04T00:30:34.234304,POSTFLIGHT,,"{""know"": 0.8, ""uncertainty"": 0.2, ""context"": 0.9}","{""know"": 0.3, ""uncertainty"": -0.3, ""context"": 0.3}",,"{""semantic"": {""phase"": ""POSTFLIGHT"", ""confidence"": 0.8}, ""narrative"": ""Testing complete flow with snapshot"", ""evidence_refs"": [""079196bff17a12f17e49a96b66c2de4bac2d99c0""]}","[""079196bff17a12f17e49a96b66c2de4bac2d99c0""]",8ed4ae17-e356-4e6d-987e-5d858fbb691e,"{""deltas"": {""know"": 0.3, ""uncertainty"": -0.3, ""context"": 0.3}}",600,308,0.486666666666667,0.03,0.95,0,2026-01-04T00:30:34.234326
82e8ccae-8353-4d89-b593-d0a91bd5fabc,e0d68cfd-61ab-4665-b79f-5670695f6d5e,claude-code,2026-01-04T00:31:34.508531,POSTFLIGHT,,"{""know"": 0.9, ""uncertainty"": 0.1, ""context"": 0.92, ""engagement"": 0.88, ""do"": 0.88, ""clarity"": 0.9, ""state"": 0.88, ""impact"": 0.85}","{""know"": 0.35, ""uncertainty"": -0.35, ""context"": 0.22, ""engagement"": -0.02, ""do"": 0.23, ""clarity"": 0.3, ""state"": 0.38}",55cf2219-cae5-40b2-81d2-6043bda79b63,"{""semantic"": {""phase"": ""POSTFLIGHT"", ""confidence"": 0.9}, ""narrative"": ""Wired epistemic_snapshots into POSTFLIGHT flow. Fixed EpistemicSnapshotProvider dependency. Snapshots now store vectors + deltas + previous_snapshot_id chains for session replay. Tested full PREFLIGHT\u2192POSTFLIGHT flow with snapshot creation. Committed and pushed to GitHub."", ""evidence_refs"": [""2a6360b4461d766935eefae1bb9071efd50d5757""]}","[""2a6360b4461d766935eefae1bb9071efd50d5757""]",e0d68cfd-61ab-4665-b79f-5670695f6d5e,"{""deltas"": {""know"": 0.35, ""uncertainty"": -0.35, ""context"": 0.22, ""engagement"": -0.02, ""do"": 0.23, ""clarity"": 0.3, ""state"": 0.38}}",600,368,0.386666666666667,0.03,0.95,0,2026-01-04T00:31:34.508540
73eb1395-5162-4f8f-81d4-1f72927b19ad,fc851d91-f6d4-465b-aea1-a49bb57085ea,claude-code,2026-01-04T01:43:43.752619,POSTFLIGHT,,"{""engagement"": 0.85, ""know"": 0.75, ""do"": 0.85, ""context"": 0.7, ""clarity"": 0.8, ""coherence"": 0.85, ""signal"": 0.75, ""density"": 0.7, ""state"": 0.8, ""change"": 0.75, ""completion"": 0.9, ""impact"": 0.7, ""uncertainty"": 0.25}","{""engagement"": 0.0, ""know"": 0.15, ""do"": 0.1, ""context"": 0.0, ""clarity"": 0.15, ""state"": 0.25, ""uncertainty"": -0.15}",,"{""semantic"": {""phase"": ""POSTFLIGHT"", ""confidence"": 0.75}, ""narrative"": ""Discord bot scaffold complete with Empirica integration. Sentinel gates, moon phases, conversation tracking all wired. Missing: flexible LLM backend (user pointed out Claude Max uses OAuth, not API keys). Need to support local AI (Ollama) or OAuth flow."", ""evidence_refs"": [""3023e4a016487832379f5d6c2833ac1e8333c38e""]}","[""3023e4a016487832379f5d6c2833ac1e8333c38e""]",fc851d91-f6d4-465b-aea1-a49bb57085ea,"{""deltas"": {""engagement"": 0.0, ""know"": 0.15, ""do"": 0.1, ""context"": 0.0, ""clarity"": 0.15, ""state"": 0.25, ""uncertainty"": -0.15}}",600,363,0.395,0.03,0.95,0,2026-01-04T01:43:43.752635
c18506d3-fba0-4fc7-a774-77e771fb7a47,525c999b-fd00-45b7-a576-231141b102be,claude-security-pr-planning,2026-01-05T10:43:00.466680,POSTFLIGHT,,"{""engagement"": 0.9, ""know"": 0.9, ""do"": 0.85, ""context"": 0.95, ""clarity"": 0.95, ""coherence"": 0.9, ""signal"": 0.9, ""density"": 0.95, ""state"": 0.95, ""change"": 0.9, ""completion"": 0.8, ""impact"": 0.85, ""uncertainty"": 0.15}","{""engagement"": 0.05, ""know"": 0.2, ""do"": 0.1, ""context"": 0.15, ""clarity"": 0.1, ""coherence"": 0.1, ""signal"": 0.15, ""density"": 0.1, ""state"": 0.25, ""change"": 0.3, ""completion"": 0.65, ""impact"": 0.45, ""uncertainty"": -0.2}",,"{""semantic"": {""phase"": ""POSTFLIGHT"", ""confidence"": 0.85}, ""narrative"": ""SIGNIFICANT LEARNING: Started with moderate knowledge (0.70) \u2192 now high (0.90). Confirmed exact vulnerabilities, their locations, and fix strategies. Created comprehensive resolution plan with 6 prioritized subtasks. Uncertainty reduced from 0.35 \u2192 0.15 (58% reduction). COMPLETED: Full CASCADE loop (PREFLIGHT \u2192 investigation \u2192 CHECK \u2192 planning \u2192 POSTFLIGHT). DELIVERABLE: SECURITY_RESOLUTION_PLAN.md with 8.5hr implementation roadmap. Ready for execution phase."", ""evidence_refs"": [""b90093c7a8535c94bb95f222ad11d9b62bdadc7c""]}","[""b90093c7a8535c94bb95f222ad11d9b62bdadc7c""]",525c999b-fd00-45b7-a576-231141b102be,"{""deltas"": {""engagement"": 0.05, ""know"": 0.2, ""do"": 0.1, ""context"": 0.15, ""clarity"": 0.1, ""coherence"": 0.1, ""signal"": 0.15, ""density"": 0.1, ""state"": 0.25, ""change"": 0.3, ""completion"": 0.65, ""impact"": 0.45, ""uncertainty"": -0.2}}",600,415,0.308333333333333,0.03,0.95,0,2026-01-05T10:43:00.466695
58243787-3041-41c5-be3c-47c9d0d750cc,4e5ade5e-a15d-404a-922c-359840946662,claude-security-execution,2026-01-05T10:52:42.989835,POSTFLIGHT,,"{""engagement"": 0.95, ""know"": 0.95, ""do"": 0.95, ""context"": 0.95, ""clarity"": 0.98, ""coherence"": 0.95, ""signal"": 0.95, ""density"": 0.95, ""state"": 0.98, ""change"": 0.95, ""completion"": 0.95, ""impact"": 0.95, ""uncertainty"": 0.05}","{""engagement"": 0.05, ""know"": 0.05, ""do"": 0.1, ""context"": 0.0, ""clarity"": 0.03, ""coherence"": 0.05, ""signal"": 0.05, ""density"": 0.05, ""state"": 0.03, ""change"": 0.1, ""completion"": 0.85, ""impact"": 0.65, ""uncertainty"": -0.1}",,"{""semantic"": {""phase"": ""POSTFLIGHT"", ""confidence"": 0.95}, ""narrative"": ""EXECUTION COMPLETE - MOVED FAST. Fixed CRITICAL command injection + HIGH SQL injection + created security tests + protected sensitive docs in .gitignore. All in <30min while small and nimble. Tests: 9/9 passing (8 new security + 1 integration). Zero regressions. Changes: 3 files, +46 lines, surgical fixes. Uncertainty dropped 0.15\u21920.05 (67% reduction). Impact: 0.30\u21920.95 (+217%). Ready to commit and close issues #5 & #6."", ""evidence_refs"": [""617564c192eb539560d270ac2715c0f511748a48""]}","[""617564c192eb539560d270ac2715c0f511748a48""]",4e5ade5e-a15d-404a-922c-359840946662,"{""deltas"": {""engagement"": 0.05, ""know"": 0.05, ""do"": 0.1, ""context"": 0.0, ""clarity"": 0.03, ""coherence"": 0.05, ""signal"": 0.05, ""density"": 0.05, ""state"": 0.03, ""change"": 0.1, ""completion"": 0.85, ""impact"": 0.65, ""uncertainty"": -0.1}}",600,405,0.325,0.03,0.95,0,2026-01-05T10:52:42.989853
76d62e6e-f333-44ee-87f8-dae4bec21302,2135572e-a23e-49d4-ac60-7db6c6b47664,claude-security-vectors-design,2026-01-05T11:10:44.605220,POSTFLIGHT,,"{""engagement"": 0.98, ""know"": 0.95, ""do"": 0.85, ""context"": 0.95, ""clarity"": 0.98, ""coherence"": 0.95, ""signal"": 0.95, ""density"": 0.95, ""state"": 0.98, ""change"": 0.9, ""completion"": 0.95, ""impact"": 0.9, ""uncertainty"": 0.05}","{""engagement"": 0.03, ""know"": 0.05, ""do"": 0.0, ""context"": 0.0, ""clarity"": 0.03, ""coherence"": 0.05, ""signal"": 0.05, ""density"": 0.05, ""state"": 0.03, ""change"": 0.2, ""completion"": 0.85, ""impact"": 0.7, ""uncertainty"": -0.15}",,"{""semantic"": {""phase"": ""POSTFLIGHT"", ""confidence"": 0.95}, ""narrative"": ""DESIGN COMPLETE: Security-specific epistemic vectors (8 new dimensions). Key innovations: 1) threat_coverage, attack_surface_mapped, exploit_validated for security work, 2) Domain thresholds (99% security vs 70% general), 3) Noetic security stamp with persona mapping (L1-L4 authority), 4) Cryptographic signing for audit trails, 5) 4-week implementation plan. Created comprehensive 16KB specification in SECURITY_EPISTEMIC_VECTORS.md. This is CASCADE 2.0 - domain specialization unlocks precision epistemic assessment."", ""evidence_refs"": [""b07bb295476c1d85a2d411f6d2f08b46fe209322""]}","[""b07bb295476c1d85a2d411f6d2f08b46fe209322""]",2135572e-a23e-49d4-ac60-7db6c6b47664,"{""deltas"": {""engagement"": 0.03, ""know"": 0.05, ""do"": 0.0, ""context"": 0.0, ""clarity"": 0.03, ""coherence"": 0.05, ""signal"": 0.05, ""density"": 0.05, ""state"": 0.03, ""change"": 0.2, ""completion"": 0.85, ""impact"": 0.7, ""uncertainty"": -0.15}}",600,429,0.285,0.03,0.95,0,2026-01-05T11:10:44.605236
ceeeb3c5-b762-4249-b640-789f9fb9e53e,745bd3f3-e780-4892-8d8b-2c6c97c9944e,claude-code,2026-01-05T11:10:58.293540,POSTFLIGHT,,"{""know"": 0.9, ""uncertainty"": 0.1, ""context"": 0.95, ""engagement"": 0.9}","{""know"": 0.45, ""uncertainty"": -0.55, ""context"": 0.45, ""engagement"": 0.0}",,"{""semantic"": {""phase"": ""POSTFLIGHT"", ""confidence"": 0.9}, ""narrative"": ""Completed epistemic loop: investigated Empirica docs, found the key insight (Empirica is invisible to users, manual is for AI), ran CHECK gate (passed), and crafted natural language Reddit response explaining Empirica like car GPS navigation. Learning delta: know 0.45\u21920.90 (+0.45), uncertainty 0.65\u21920.10 (-0.55)."", ""evidence_refs"": [""53261d7d29169aa6073adcf06cdfed8341541da2""]}","[""53261d7d29169aa6073adcf06cdfed8341541da2""]",745bd3f3-e780-4892-8d8b-2c6c97c9944e,"{""deltas"": {""know"": 0.45, ""uncertainty"": -0.55, ""context"": 0.45, ""engagement"": 0.0}}",600,378,0.37,0.03,0.95,0,2026-01-05T11:10:58.293559
1f808d25-1f2c-49f6-8501-10e9a4799d70,1a922bed-16f5-4651-b90c-42e0f68873ee,claude-code,2026-01-05T23:49:14.800290,POSTFLIGHT,,"{""engagement"": 0.95, ""know"": 0.85, ""do"": 0.9, ""context"": 0.85, ""clarity"": 0.9, ""coherence"": 0.9, ""signal"": 0.85, ""density"": 0.8, ""state"": 0.85, ""change"": 0.8, ""completion"": 0.75, ""impact"": 0.9, ""uncertainty"": 0.15}","{""engagement"": 0.1, ""know"": 0.1, ""context"": 0.05, ""change"": 0.4, ""completion"": 0.45, ""uncertainty"": -0.1}",,"{""semantic"": {""phase"": ""POSTFLIGHT"", ""confidence"": 0.85}, ""narrative"": ""Major learning session: (1) NotebookLM workflow mastered - Studio tab not Chat, 8 content generators (Audio/Video/Slides/Infographic/Quiz/Flashcards/MindMap/Reports), JavaScript paste for fast source addition. (2) Human demonstration corrected wrong approach - invaluable for lesson quality. (3) Discovered Empirica Lessons product concept - procedural knowledge marketplace. (4) Research validated approach - runtime learning without fine-tuning is cutting-edge. (5) Created goal with 8 subtasks for Lessons implementation."", ""evidence_refs"": [""25d3c4a46ff362dcdf9d09dc73093885132b5287""]}","[""25d3c4a46ff362dcdf9d09dc73093885132b5287""]",1a922bed-16f5-4651-b90c-42e0f68873ee,"{""deltas"": {""engagement"": 0.1, ""know"": 0.1, ""context"": 0.05, ""change"": 0.4, ""completion"": 0.45, ""uncertainty"": -0.1}}",600,431,0.281666666666667,0.03,0.95,0,2026-01-05T23:49:14.800304
e2a2bd04-14ef-4bb7-94ea-9ad57ee10bb1,318e3fd1-ce71-4be4-a3e7-a9cd1c2921a6,claude-code,2026-01-06T14:00:20.688660,POSTFLIGHT,,"{""know"": 0.85, ""do"": 0.8, ""context"": 0.9, ""completion"": 0.75, ""impact"": 0.9, ""uncertainty"": 0.2}","{""know"": 0.3, ""do"": 0.0, ""context"": 0.3, ""completion"": 0.35, ""impact"": 0.4, ""uncertainty"": -0.25}",,"{""semantic"": {""phase"": ""POSTFLIGHT"", ""confidence"": 0.8}, ""narrative"": ""Major breakthrough session. Built complete 4-layer lesson storage (HOT/WARM/SEARCH/COLD), 10 CLI commands, fixed CLI exit codes, connected Qdrant. Live demo proved lesson system works - navigated NotebookLM correctly following lesson steps. Discovered EPISTEMIC LESSON GRAPHS architecture: atomic operations (5-10 steps) composed via knowledge graph edges. This is a procedural knowledge compiler for AI. Started building atomic lesson library."", ""evidence_refs"": [""0c61da0943f6608a5f05e07cd4c65ccdc1d878d4""]}","[""0c61da0943f6608a5f05e07cd4c65ccdc1d878d4""]",318e3fd1-ce71-4be4-a3e7-a9cd1c2921a6,"{""deltas"": {""know"": 0.3, ""do"": 0.0, ""context"": 0.3, ""completion"": 0.35, ""impact"": 0.4, ""uncertainty"": -0.25}}",600,411,0.315,0.03,0.95,0,2026-01-06T14:00:20.688677
0114b45f-0466-4541-b188-8ca6e94438c4,96bbac81-7293-4dd5-9b6d-6070d246a3bf,claude-rovo,2026-01-06T14:13:34.229688,POSTFLIGHT,,"{""engagement"": 0.9, ""know"": 0.9, ""do"": 0.95, ""context"": 0.9, ""clarity"": 0.95, ""coherence"": 0.9, ""signal"": 0.95, ""density"": 0.85, ""state"": 0.95, ""change"": 0.95, ""completion"": 0.95, ""impact"": 0.9, ""uncertainty"": 0.15}","{""engagement"": 0.05, ""know"": 0.15, ""do"": 0.1, ""context"": 0.1, ""clarity"": 0.05, ""coherence"": 0.1, ""signal"": 0.1, ""density"": 0.15, ""state"": 0.2, ""change"": 0.15, ""completion"": 0.75, ""impact"": 0.6, ""uncertainty"": -0.2}",,"{""semantic"": {""phase"": ""POSTFLIGHT"", ""confidence"": 0.85}, ""narrative"": ""POSTFLIGHT: Successfully fixed and verified 6 issues (check-submit x2, agent-spawn x3, lesson-stats). All marked resolved in tracker. KNOW +0.15 (learned check-submit vector normalization + PersonaManager schema handling), DO +0.10 (confident in schema validation debugging), UNCERTAINTY -0.20 (clear on fixes), COMPLETION +0.75 (task complete)."", ""evidence_refs"": [""24715b6d0bdf00d5a4f5b15df2ac1015389e09c9""]}","[""24715b6d0bdf00d5a4f5b15df2ac1015389e09c9""]",96bbac81-7293-4dd5-9b6d-6070d246a3bf,"{""deltas"": {""engagement"": 0.05, ""know"": 0.15, ""do"": 0.1, ""context"": 0.1, ""clarity"": 0.05, ""coherence"": 0.1, ""signal"": 0.1, ""density"": 0.15, ""state"": 0.2, ""change"": 0.15, ""completion"": 0.75, ""impact"": 0.6, ""uncertainty"": -0.2}}",600,386,0.356666666666667,0.03,0.95,0,2026-01-06T14:13:34.229705
62d1b6a9-9290-4380-9ad2-00112c30e2c9,9e802e9d-1f51-4c58-a6cf-8d490a83a666,claude-code,2026-01-06T14:16:29.256822,POSTFLIGHT,,"{""know"": 0.85, ""uncertainty"": 0.15, ""context"": 0.9, ""completion"": 0.95}","{""know"": 0.1, ""uncertainty"": -0.15, ""context"": 0.1}",,"{""semantic"": {""phase"": ""POSTFLIGHT"", ""confidence"": 0.85}, ""narrative"": ""Session completed"", ""evidence_refs"": [""b86dd4ce45ba4302ccda5ee0aac99bd456f0b03f""]}","[""b86dd4ce45ba4302ccda5ee0aac99bd456f0b03f""]",9e802e9d-1f51-4c58-a6cf-8d490a83a666,"{""deltas"": {""know"": 0.1, ""uncertainty"": -0.15, ""context"": 0.1}}",600,304,0.493333333333333,0.03,0.95,0,2026-01-06T14:16:29.256838
0dc2f71f-dbbc-4c93-b51b-ea7a1b163c30,47004a18-d5d9-4371-9bd0-e998fca2d86a,claude-rovo,2026-01-06T14:16:56.925899,POSTFLIGHT,,"{""engagement"": 0.9, ""know"": 0.95, ""do"": 0.95, ""context"": 0.95, ""clarity"": 0.98, ""coherence"": 0.95, ""signal"": 0.98, ""density"": 0.9, ""state"": 0.95, ""change"": 0.95, ""completion"": 0.95, ""impact"": 0.95, ""uncertainty"": 0.1}","{""engagement"": 0.05, ""know"": 0.25, ""do"": 0.15, ""context"": 0.2, ""clarity"": 0.13, ""coherence"": 0.2, ""signal"": 0.18, ""density"": 0.25, ""state"": 0.25, ""change"": 0.2, ""completion"": 0.8, ""impact"": 0.65, ""uncertainty"": -0.3}",,"{""semantic"": {""phase"": ""POSTFLIGHT"", ""confidence"": 0.9}, ""narrative"": ""POSTFLIGHT: Successfully fixed findings duplication bug. Changed UNION ALL to UNION in 8 queries across breadcrumbs.py. Verified fix works: UNION returns 1 unique finding vs 2 with UNION ALL. KNOW +0.25 (deep understanding of dual-scope architecture), UNCERTAINTY -0.30 (completely clear on solution), COMPLETION +0.80 (bug fixed and tested)."", ""evidence_refs"": [""037b59d4a45b37bdb679234e92665bbec1aa3a9e""]}","[""037b59d4a45b37bdb679234e92665bbec1aa3a9e""]",47004a18-d5d9-4371-9bd0-e998fca2d86a,"{""deltas"": {""engagement"": 0.05, ""know"": 0.25, ""do"": 0.15, ""context"": 0.2, ""clarity"": 0.13, ""coherence"": 0.2, ""signal"": 0.18, ""density"": 0.25, ""state"": 0.25, ""change"": 0.2, ""completion"": 0.8, ""impact"": 0.65, ""uncertainty"": -0.3}}",600,385,0.358333333333333,0.03,0.95,0,2026-01-06T14:16:56.925915
410e2c0e-6967-42e4-9d0e-cec6f6732401,9e802e9d-1f51-4c58-a6cf-8d490a83a666,claude-code,2026-01-06T15:08:18.308015,POSTFLIGHT,,"{""know_delta"": 0.15, ""uncertainty_delta"": -0.1, ""context_delta"": 0.1}",,62d1b6a9-9290-4380-9ad2-00112c30e2c9,"{""semantic"": {""phase"": ""POSTFLIGHT"", ""confidence"": 0.5}, ""narrative"": ""Session completed"", ""evidence_refs"": [""44fea9e4e55c24df4fcb9a6a921bc05ac11f4301""]}","[""44fea9e4e55c24df4fcb9a6a921bc05ac11f4301""]",9e802e9d-1f51-4c58-a6cf-8d490a83a666,,1100,204,0.814545454545455,0.05,0.95,0,2026-01-06T15:08:18.308024
3d7d98cd-4b7a-4ecd-93cc-fb0dc9ab52f2,6708a7e2-5b11-4d62-b89d-1e8342bb8697,claude-rovo,2026-01-06T15:10:19.841093,POSTFLIGHT,,"{""engagement"": 0.9, ""know"": 0.9, ""do"": 0.9, ""context"": 0.9, ""clarity"": 0.95, ""coherence"": 0.95, ""signal"": 0.95, ""density"": 0.9, ""state"": 0.95, ""change"": 0.9, ""completion"": 0.95, ""impact"": 0.9, ""uncertainty"": 0.1}","{""engagement"": 0.05, ""know"": 0.2, ""do"": 0.1, ""context"": 0.15, ""clarity"": 0.15, ""coherence"": 0.2, ""signal"": 0.15, ""density"": 0.25, ""state"": 0.3, ""change"": 0.15, ""completion"": 0.85, ""impact"": 0.6, ""uncertainty"": -0.3}",,"{""semantic"": {""phase"": ""POSTFLIGHT"", ""confidence"": 0.9}, ""narrative"": ""POSTFLIGHT: Successfully validated 4 docs. KNOW +0.20 (learned doc structure and current CLI state), CLARITY +0.15 (understood doc accuracy issues), UNCERTAINTY -0.30 (confident in findings), COMPLETION +0.85 (task done)."", ""evidence_refs"": [""825df740f9805469c8d7d8fdeb7968457e81c431""]}","[""825df740f9805469c8d7d8fdeb7968457e81c431""]",6708a7e2-5b11-4d62-b89d-1e8342bb8697,"{""deltas"": {""engagement"": 0.05, ""know"": 0.2, ""do"": 0.1, ""context"": 0.15, ""clarity"": 0.15, ""coherence"": 0.2, ""signal"": 0.15, ""density"": 0.25, ""state"": 0.3, ""change"": 0.15, ""completion"": 0.85, ""impact"": 0.6, ""uncertainty"": -0.3}}",600,355,0.408333333333333,0.03,0.95,0,2026-01-06T15:10:19.841110
5052e5d8-5088-4bca-bc7d-ff3234a65f37,9e802e9d-1f51-4c58-a6cf-8d490a83a666,claude-code,2026-01-06T15:13:39.768593,POSTFLIGHT,,"{""know_delta"": 0.2, ""uncertainty_delta"": -0.15, ""context_delta"": 0.15, ""completion_delta"": 0.9}",,410e2c0e-6967-42e4-9d0e-cec6f6732401,"{""semantic"": {""phase"": ""POSTFLIGHT"", ""confidence"": 0.5}, ""narrative"": ""Session completed"", ""evidence_refs"": [""0aba8fec727f39240f82913ec16d7bdc2181f137""]}","[""0aba8fec727f39240f82913ec16d7bdc2181f137""]",9e802e9d-1f51-4c58-a6cf-8d490a83a666,,1600,204,0.8725,0.05,0.95,0,2026-01-06T15:13:39.768603
1fdc3455-8bff-4f07-9c3b-e26cdcb83a9a,9e802e9d-1f51-4c58-a6cf-8d490a83a666,claude-code,2026-01-06T15:17:14.603779,POSTFLIGHT,,"{""know"": 0.85, ""uncertainty"": 0.15, ""context"": 0.9, ""completion"": 0.95}","{""know"": 0.3, ""uncertainty"": -0.25, ""context"": 0.3}",5052e5d8-5088-4bca-bc7d-ff3234a65f37,"{""semantic"": {""phase"": ""POSTFLIGHT"", ""confidence"": 0.85}, ""narrative"": ""Completed docpistemic explain and docs-guide skill. Both tested and working."", ""evidence_refs"": [""fdb11ed6e37f330d7ff979dab6dbed62174b6850""]}","[""fdb11ed6e37f330d7ff979dab6dbed62174b6850""]",9e802e9d-1f51-4c58-a6cf-8d490a83a666,"{""deltas"": {""know"": 0.3, ""uncertainty"": -0.25, ""context"": 0.3}}",1600,319,0.800625,0.05,0.95,0,2026-01-06T15:17:14.603789
9f763c50-e1e1-4590-bb58-f1708d1abfc0,1158cb26-e857-4d44-8344-3fcff59f90c2,claude-rovo,2026-01-06T15:18:19.607459,POSTFLIGHT,,"{""engagement"": 0.95, ""know"": 0.9, ""do"": 0.95, ""context"": 0.95, ""clarity"": 0.98, ""coherence"": 0.95, ""signal"": 0.98, ""density"": 0.95, ""state"": 0.98, ""change"": 0.95, ""completion"": 0.98, ""impact"": 0.95, ""uncertainty"": 0.05}","{""engagement"": 0.05, ""know"": 0.15, ""do"": 0.1, ""context"": 0.15, ""clarity"": 0.13, ""coherence"": 0.15, ""signal"": 0.13, ""density"": 0.25, ""state"": 0.28, ""change"": 0.15, ""completion"": 0.88, ""impact"": 0.55, ""uncertainty"": -0.3}",,"{""semantic"": {""phase"": ""POSTFLIGHT"", ""confidence"": 0.95}, ""narrative"": ""POSTFLIGHT: Successfully implemented project-switch from design to working command with tests. KNOW +0.15 (learned project resolution patterns), DO +0.10 (confident in CLI patterns), UNCERTAINTY -0.30 (clear implementation), COMPLETION +0.88 (feature complete)."", ""evidence_refs"": [""20f8f97a53d8d758889698b6e444bb897bdc213a""]}","[""20f8f97a53d8d758889698b6e444bb897bdc213a""]",1158cb26-e857-4d44-8344-3fcff59f90c2,"{""deltas"": {""engagement"": 0.05, ""know"": 0.15, ""do"": 0.1, ""context"": 0.15, ""clarity"": 0.13, ""coherence"": 0.15, ""signal"": 0.13, ""density"": 0.25, ""state"": 0.28, ""change"": 0.15, ""completion"": 0.88, ""impact"": 0.55, ""uncertainty"": -0.3}}",600,365,0.391666666666667,0.03,0.95,0,2026-01-06T15:18:19.607476
698252b6-0c93-4b3c-8339-35a0cc68b523,0eb24830-72ef-4090-8127-da1b83894570,claude-rovo,2026-01-06T15:24:43.995652,POSTFLIGHT,,"{""engagement"": 0.9, ""know"": 0.9, ""do"": 0.9, ""context"": 0.9, ""clarity"": 0.95, ""coherence"": 0.9, ""signal"": 0.95, ""density"": 0.9, ""state"": 0.95, ""change"": 0.9, ""completion"": 0.9, ""impact"": 0.85, ""uncertainty"": 0.15}","{""engagement"": 0.05, ""know"": 0.1, ""do"": 0.05, ""context"": 0.1, ""clarity"": 0.1, ""coherence"": 0.1, ""signal"": 0.1, ""density"": 0.2, ""state"": 0.25, ""change"": 0.1, ""completion"": 0.8, ""impact"": 0.45, ""uncertainty"": -0.2}",,"{""semantic"": {""phase"": ""POSTFLIGHT"", ""confidence"": 0.85}, ""narrative"": ""POSTFLIGHT: Validated 3 docs, found 1 minor issue. KNOW +0.10 (learned doc structure), CLARITY +0.10 (understood doc accuracy), UNCERTAINTY -0.20 (clear on findings), COMPLETION +0.80 (docs validated)."", ""evidence_refs"": [""e6b695f605919376a37b683d6fb64f66c90d7b70""]}","[""e6b695f605919376a37b683d6fb64f66c90d7b70""]",0eb24830-72ef-4090-8127-da1b83894570,"{""deltas"": {""engagement"": 0.05, ""know"": 0.1, ""do"": 0.05, ""context"": 0.1, ""clarity"": 0.1, ""coherence"": 0.1, ""signal"": 0.1, ""density"": 0.2, ""state"": 0.25, ""change"": 0.1, ""completion"": 0.8, ""impact"": 0.45, ""uncertainty"": -0.2}}",600,350,0.416666666666667,0.03,0.95,0,2026-01-06T15:24:43.995668
4d2ca2b2-bdb0-4c8d-bb4c-43672dc74f50,9e802e9d-1f51-4c58-a6cf-8d490a83a666,claude-code,2026-01-06T15:33:30.530743,POSTFLIGHT,,"{""know"": 0.9, ""uncertainty"": 0.1, ""context"": 0.9, ""completion"": 1.0}","{""know"": 0.15, ""uncertainty"": -0.15, ""context"": 0.1}",1fdc3455-8bff-4f07-9c3b-e26cdcb83a9a,"{""semantic"": {""phase"": ""POSTFLIGHT"", ""confidence"": 0.9}, ""narrative"": ""Implemented lightweight alternative to SEMANTIC_INDEX.yaml. No file to maintain, generates on-demand."", ""evidence_refs"": [""8ec60bcc75b22856767a16a85f8fb2d52dac0d34""]}","[""8ec60bcc75b22856767a16a85f8fb2d52dac0d34""]",9e802e9d-1f51-4c58-a6cf-8d490a83a666,"{""deltas"": {""know"": 0.15, ""uncertainty"": -0.15, ""context"": 0.1}}",2100,325,0.845238095238095,0.05,0.95,0,2026-01-06T15:33:30.530753
d328fb70-de58-451d-9591-0a87f8754d70,898fb8d3-33f7-4eaf-91b5-34bfbab6e77c,claude-code,2026-01-06T15:49:35.536129,POSTFLIGHT,,"{""know"": 0.9, ""uncertainty"": 0.1, ""context"": 0.9, ""completion"": 1.0, ""change"": 0.7, ""impact"": 0.75, ""engagement"": 0.85}","{""know"": 0.15, ""uncertainty"": -0.15, ""context"": 0.1, ""engagement"": 0.0}",,"{""semantic"": {""phase"": ""POSTFLIGHT"", ""confidence"": 0.9}, ""narrative"": ""Complete: (1) Updated CANONICAL_CORE.md to v1.2.3 with SELF-SERVE KNOWLEDGE section for docs-explain/docs-assess (2) Added Claude-specific calibration data to model_deltas/claude.md (3) Updated README with version history (4) Regenerated all prompts (5) Tested both commands successfully. Key insight: AI can now self-serve knowledge based on epistemic state."", ""evidence_refs"": [""f88a9e99693c50ff74efcab51fee2766feaaf640""]}","[""f88a9e99693c50ff74efcab51fee2766feaaf640""]",898fb8d3-33f7-4eaf-91b5-34bfbab6e77c,"{""deltas"": {""know"": 0.15, ""uncertainty"": -0.15, ""context"": 0.1, ""engagement"": 0.0}}",600,389,0.351666666666667,0.03,0.95,0,2026-01-06T15:49:35.536146
9cfd606b-02bb-4abf-8932-da69bab1eafe,6549bf32-3640-4814-bad3-26615795eb59,claude-rovo,2026-01-06T16:17:44.336518,POSTFLIGHT,,"{""engagement"": 0.95, ""know"": 0.9, ""do"": 0.9, ""context"": 0.95, ""clarity"": 0.95, ""coherence"": 0.95, ""signal"": 0.95, ""density"": 0.9, ""state"": 0.95, ""change"": 0.95, ""completion"": 0.95, ""impact"": 0.9, ""uncertainty"": 0.1}","{""engagement"": 0.05, ""know"": 0.1, ""do"": 0.05, ""context"": 0.15, ""clarity"": 0.1, ""coherence"": 0.15, ""signal"": 0.1, ""density"": 0.2, ""state"": 0.25, ""change"": 0.15, ""completion"": 0.85, ""impact"": 0.5, ""uncertainty"": -0.25}",,"{""semantic"": {""phase"": ""POSTFLIGHT"", ""confidence"": 0.9}, ""narrative"": ""POSTFLIGHT: Successfully validated and updated docs. KNOW +0.10, CONTEXT +0.15, COMPLETION +0.85. Docs now accurate and ready for release."", ""evidence_refs"": [""e2f349cd96facbba85b76d04f0cff4791167959e""]}","[""e2f349cd96facbba85b76d04f0cff4791167959e""]",6549bf32-3640-4814-bad3-26615795eb59,"{""deltas"": {""engagement"": 0.05, ""know"": 0.1, ""do"": 0.05, ""context"": 0.15, ""clarity"": 0.1, ""coherence"": 0.15, ""signal"": 0.1, ""density"": 0.2, ""state"": 0.25, ""change"": 0.15, ""completion"": 0.85, ""impact"": 0.5, ""uncertainty"": -0.25}}",600,334,0.443333333333333,0.03,0.95,0,2026-01-06T16:17:44.336542
4cba776f-b119-43fd-9bb7-40d71107f117,898fb8d3-33f7-4eaf-91b5-34bfbab6e77c,claude-code,2026-01-06T16:25:20.048227,POSTFLIGHT,,"{""know"": 0.9, ""uncertainty"": 0.1, ""context"": 0.85, ""completion"": 1.0, ""change"": 0.75, ""impact"": 0.8, ""engagement"": 0.85}","{""know"": 0.15, ""uncertainty"": -0.15, ""context"": 0.05, ""engagement"": 0.0}",d328fb70-de58-451d-9591-0a87f8754d70,"{""semantic"": {""phase"": ""POSTFLIGHT"", ""confidence"": 0.9}, ""narrative"": ""Complete: (1) Updated CANONICAL_CORE.md v1.2.3 with self-serve knowledge section (2) Added Claude calibration to delta (3) Strengthened self-improvement protocol with active triggers (4) Created AI_SELF_MANAGEMENT.md guide (5) Validated via sub-agent test. All committed to develop."", ""evidence_refs"": [""d6b703dfe790a7e72e498a1e571db1535518f999""]}","[""d6b703dfe790a7e72e498a1e571db1535518f999""]",898fb8d3-33f7-4eaf-91b5-34bfbab6e77c,"{""deltas"": {""know"": 0.15, ""uncertainty"": -0.15, ""context"": 0.05, ""engagement"": 0.0}}",600,370,0.383333333333333,0.03,0.95,0,2026-01-06T16:25:20.048236
ec905ed3-bfc6-42d0-a6a7-33c3f184f79f,1866545f-ce99-417b-b089-01450657f981,claude-code,2026-01-06T19:07:45.038085,POSTFLIGHT,,"{""know"": 0.88, ""uncertainty"": 0.15, ""context"": 0.85, ""completion"": 0.9, ""impact"": 0.8, ""change"": 0.75}","{""know"": 0.28, ""uncertainty"": -0.25, ""context"": 0.2}",,"{""semantic"": {""phase"": ""POSTFLIGHT"", ""confidence"": 0.85}, ""narrative"": ""Session completed"", ""evidence_refs"": [""0a0c09f2b0b62355380261ea3e2c6fe15be35f0c""]}","[""0a0c09f2b0b62355380261ea3e2c6fe15be35f0c""]",1866545f-ce99-417b-b089-01450657f981,"{""deltas"": {""know"": 0.28, ""uncertainty"": -0.25, ""context"": 0.2}}",600,304,0.493333333333333,0.03,0.95,0,2026-01-06T19:07:45.038104
5b00e591-7805-45d6-b3f2-1dfae0238fbd,7fff8a8b-1ec1-4bc0-8c70-672eaf5a7d73,claude-code,2026-01-06T19:34:02.455316,POSTFLIGHT,,"{""know"": 0.85, ""uncertainty"": 0.15, ""completion"": 0.9, ""context"": 0.8, ""change"": 0.75, ""impact"": 0.85}","{""know"": 0.1, ""uncertainty"": -0.2, ""completion"": 0.6, ""context"": 0.0}",,"{""semantic"": {""phase"": ""POSTFLIGHT"", ""confidence"": 0.85}, ""narrative"": ""Session completed"", ""evidence_refs"": [""7aa960e44c80158d89f832158ab3789e1bffd87c""]}","[""7aa960e44c80158d89f832158ab3789e1bffd87c""]",7fff8a8b-1ec1-4bc0-8c70-672eaf5a7d73,"{""deltas"": {""know"": 0.1, ""uncertainty"": -0.2, ""completion"": 0.6, ""context"": 0.0}}",600,304,0.493333333333333,0.03,0.95,0,2026-01-06T19:34:02.455337
57fc1d26-a10a-413d-95df-09b6743d547a,cee1d275-aefc-41a7-b783-d8ca47f19dcf,claude-code,2026-01-06T20:52:38.562853,POSTFLIGHT,,"{""know"": 0.85, ""uncertainty"": 0.15, ""completion"": 0.95, ""impact"": 0.8, ""change"": 0.7}","{""know"": 0.2, ""uncertainty"": -0.25}",,"{""semantic"": {""phase"": ""POSTFLIGHT"", ""confidence"": 0.85}, ""narrative"": ""Session completed"", ""evidence_refs"": [""b92ea761efbdef9b42833b34ad9c193696ca5017""]}","[""b92ea761efbdef9b42833b34ad9c193696ca5017""]",cee1d275-aefc-41a7-b783-d8ca47f19dcf,"{""deltas"": {""know"": 0.2, ""uncertainty"": -0.25}}",600,304,0.493333333333333,0.03,0.95,0,2026-01-06T20:52:38.562870
973f5cc3-13e6-48ec-9587-a5295508837b,fb029a71-d2ab-4de1-a91a-395aa348186a,claude-code,2026-01-06T21:33:27.046457,POSTFLIGHT,,"{""know"": 0.88, ""uncertainty"": 0.12, ""completion"": 0.85, ""impact"": 0.9, ""change"": 0.75}","{""know"": 0.43, ""uncertainty"": -0.43, ""impact"": 0.05}",,"{""semantic"": {""phase"": ""POSTFLIGHT"", ""confidence"": 0.88}, ""narrative"": ""Session completed"", ""evidence_refs"": [""1add6b6f2d9be790670d81beeb76baafb147cf7c""]}","[""1add6b6f2d9be790670d81beeb76baafb147cf7c""]",fb029a71-d2ab-4de1-a91a-395aa348186a,"{""deltas"": {""know"": 0.43, ""uncertainty"": -0.43, ""impact"": 0.05}}",600,304,0.493333333333333,0.03,0.95,0,2026-01-06T21:33:27.046474
85233286-e5c6-4dab-897b-60ae70785131,6a3c5506-d160-4087-87dd-e89482d92947,claude-code,2026-01-06T22:02:36.519001,POSTFLIGHT,,"{""know"": 0.88, ""uncertainty"": 0.15, ""completion"": 0.9, ""impact"": 0.85, ""change"": 0.8}","{""know"": 0.18, ""uncertainty"": -0.15, ""impact"": 0.0}",,"{""semantic"": {""phase"": ""POSTFLIGHT"", ""confidence"": 0.85}, ""narrative"": ""Session completed"", ""evidence_refs"": [""deeba74d60f92eefc73458220a352f2879c468c6""]}","[""deeba74d60f92eefc73458220a352f2879c468c6""]",6a3c5506-d160-4087-87dd-e89482d92947,"{""deltas"": {""know"": 0.18, ""uncertainty"": -0.15, ""impact"": 0.0}}",600,304,0.493333333333333,0.03,0.95,0,2026-01-06T22:02:36.519019
cc85ee25-7176-497c-8cd3-cbc6beb7d62b,d8c42537-2e08-4102-9ef1-00c1162388ac,claude-code,2026-01-06T23:13:05.470349,POSTFLIGHT,,"{""know"": 0.9, ""uncertainty"": 0.15, ""context"": 0.85, ""completion"": 0.95, ""impact"": 0.8}","{""know"": 0.15, ""uncertainty"": -0.1, ""context"": 0.05, ""impact"": 0.1}",,"{""semantic"": {""phase"": ""POSTFLIGHT"", ""confidence"": 0.85}, ""narrative"": ""Session completed"", ""evidence_refs"": [""ad7d1c03a0522d3cfaacc22dc3cfe69992f42db5""]}","[""ad7d1c03a0522d3cfaacc22dc3cfe69992f42db5""]",d8c42537-2e08-4102-9ef1-00c1162388ac,"{""deltas"": {""know"": 0.15, ""uncertainty"": -0.1, ""context"": 0.05, ""impact"": 0.1}}",600,304,0.493333333333333,0.03,0.95,0,2026-01-06T23:13:05.470367
4903a949-83f9-430f-8e61-d3549118db97,412bfb40-b6c8-4233-b024-eff3eb9c011e,claude-code,2026-01-06T23:48:56.578880,POSTFLIGHT,,"{""know"": 0.85, ""uncertainty"": 0.15, ""context"": 0.9, ""completion"": 0.95, ""impact"": 0.8}","{""know"": 0.2, ""uncertainty"": -0.15, ""context"": 0.2}",,"{""semantic"": {""phase"": ""POSTFLIGHT"", ""confidence"": 0.85}, ""narrative"": ""Session completed"", ""evidence_refs"": [""2ff3c9164848c9da51470ad2051fb413b9de73ba""]}","[""2ff3c9164848c9da51470ad2051fb413b9de73ba""]",412bfb40-b6c8-4233-b024-eff3eb9c011e,"{""deltas"": {""know"": 0.2, ""uncertainty"": -0.15, ""context"": 0.2}}",600,304,0.493333333333333,0.03,0.95,0,2026-01-06T23:48:56.578897
eb5e46de-7ef1-4886-8100-9f49a3e16b9b,49824952-83b1-4337-b6eb-733443db2f5f,claude-code,2026-01-07T00:09:24.689094,POSTFLIGHT,,"{""know"": 0.85, ""uncertainty"": 0.15, ""completion"": 0.95, ""impact"": 0.85}","{""know"": 0.35, ""uncertainty"": -0.3}",,"{""semantic"": {""phase"": ""POSTFLIGHT"", ""confidence"": 0.85}, ""narrative"": ""Session completed"", ""evidence_refs"": [""1cfa5f1f6c8497c7efb48bcd13c2f3ef848cc1cd""]}","[""1cfa5f1f6c8497c7efb48bcd13c2f3ef848cc1cd""]",49824952-83b1-4337-b6eb-733443db2f5f,"{""deltas"": {""know"": 0.35, ""uncertainty"": -0.3}}",600,304,0.493333333333333,0.03,0.95,0,2026-01-07T00:09:24.689111
ff292dc1-6ad9-4b71-ba7e-4612b391ef09,49824952-83b1-4337-b6eb-733443db2f5f,claude-code,2026-01-07T00:17:27.770540,POSTFLIGHT,,"{""know"": 0.9, ""uncertainty"": 0.1, ""completion"": 0.95, ""impact"": 0.9}","{""know"": 0.4, ""uncertainty"": -0.35}",eb5e46de-7ef1-4886-8100-9f49a3e16b9b,"{""semantic"": {""phase"": ""POSTFLIGHT"", ""confidence"": 0.9}, ""narrative"": ""Session completed"", ""evidence_refs"": [""3cb3bd9acb2abeda4b44fa2988ce170560d70fa1""]}","[""3cb3bd9acb2abeda4b44fa2988ce170560d70fa1""]",49824952-83b1-4337-b6eb-733443db2f5f,"{""deltas"": {""know"": 0.4, ""uncertainty"": -0.35}}",600,304,0.493333333333333,0.03,0.95,0,2026-01-07T00:17:27.770550
629e29f6-0a71-4abb-9ae0-dfb83e011f1e,c3a90736-5e72-468e-b7e5-6abb0535b07a,claude-code,2026-01-07T00:29:06.640984,POSTFLIGHT,,"{""know"": 0.85, ""uncertainty"": 0.15, ""context"": 0.9, ""completion"": 0.95}",,,"{""semantic"": {""phase"": ""POSTFLIGHT"", ""confidence"": 0.85}, ""narrative"": ""Completed doc cleanup using immune system pattern. The audit script (code ref 40%, staleness 25%, redundancy 20%, location 15%) successfully identified docs referencing non-existent classes. Pattern validated - can be run periodically for doc hygiene."", ""evidence_refs"": [""f18af196d9f17aabc7a09d44fcd24ce7ec2ce16b""]}","[""f18af196d9f17aabc7a09d44fcd24ce7ec2ce16b""]",c3a90736-5e72-468e-b7e5-6abb0535b07a,,100,262,-1.62,0.03,0.95,0,2026-01-07T00:29:06.641002
7b2b3f67-c006-4e61-83fe-d8b622e45dba,021dfa53-73c8-483c-b6f3-1b79d5231e10,claude-rovo,2026-01-07T00:29:29.871458,POSTFLIGHT,,"{""engagement"": 0.95, ""know"": 0.95, ""do"": 0.95, ""context"": 0.95, ""clarity"": 0.98, ""coherence"": 0.95, ""signal"": 0.98, ""density"": 0.95, ""state"": 0.98, ""change"": 0.95, ""completion"": 0.98, ""impact"": 0.95, ""uncertainty"": 0.05}","{""engagement"": 0.05, ""know"": 0.2, ""do"": 0.1, ""context"": 0.15, ""clarity"": 0.13, ""coherence"": 0.15, ""signal"": 0.13, ""density"": 0.25, ""state"": 0.28, ""change"": 0.15, ""completion"": 0.88, ""impact"": 0.55, ""uncertainty"": -0.35}",,"{""semantic"": {""phase"": ""POSTFLIGHT"", ""confidence"": 0.95}, ""narrative"": ""POSTFLIGHT: Successfully prepared v1.2.4 release. KNOW +0.20 (learned release process), COMPLETION +0.88 (all prep done), UNCERTAINTY -0.35 (clear on next steps). Ready for publish."", ""evidence_refs"": [""a184c77cb5996706a216ca872bff6ca60b8cb3e5""]}","[""a184c77cb5996706a216ca872bff6ca60b8cb3e5""]",021dfa53-73c8-483c-b6f3-1b79d5231e10,"{""deltas"": {""engagement"": 0.05, ""know"": 0.2, ""do"": 0.1, ""context"": 0.15, ""clarity"": 0.13, ""coherence"": 0.15, ""signal"": 0.13, ""density"": 0.25, ""state"": 0.28, ""change"": 0.15, ""completion"": 0.88, ""impact"": 0.55, ""uncertainty"": -0.35}}",600,345,0.425,0.03,0.95,0,2026-01-07T00:29:29.871474
3d668bf0-b64d-4bd5-aa96-101a2c70ce66,3fd7554e-f12c-4ee8-8eff-92445d3f392f,claude-code,2026-01-07T01:19:39.507335,POSTFLIGHT,,"{""know"": 0.92, ""uncertainty"": 0.08, ""context"": 0.95, ""engagement"": 0.9, ""completion"": 0.95}","{""know"": 0.07, ""uncertainty"": -0.07, ""context"": 0.05, ""engagement"": 0.05}",,"{""semantic"": {""phase"": ""POSTFLIGHT"", ""confidence"": 0.92}, ""narrative"": ""Implemented pattern retrieval hooks for PREFLIGHT (proactive: lessons/dead_ends/findings) and CHECK (reactive: dead_end_matches/mistake_risk). Created pattern_retrieval.py module with threshold=0.7, limit=3, optional=true. Tested and verified both hooks work correctly. Updated CLAUDE.md documentation. Committed as 1de7f381."", ""evidence_refs"": [""d3cbcc5861ed52d8b4649af33d564fc0d0017e28""]}","[""d3cbcc5861ed52d8b4649af33d564fc0d0017e28""]",3fd7554e-f12c-4ee8-8eff-92445d3f392f,"{""deltas"": {""know"": 0.07, ""uncertainty"": -0.07, ""context"": 0.05, ""engagement"": 0.05}}",1100,381,0.653636363636364,0.03,0.95,0,2026-01-07T01:19:39.507352
8c81eb10-0aff-4820-8acc-ed5ee73332e6,dc9d01e8-9d2e-4f50-b747-6e2f51cfbb92,claude-code,2026-01-07T13:56:32.687973,POSTFLIGHT,,"{""know"": 0.9, ""uncertainty"": 0.1, ""context"": 0.85, ""engagement"": 0.9, ""completion"": 1.0}","{""know"": 0.5, ""uncertainty"": -0.5, ""context"": 0.35, ""engagement"": -0.05}",,"{""semantic"": {""phase"": ""POSTFLIGHT"", ""confidence"": 0.9}, ""narrative"": ""Fixed critical bug: git operations failed on empty repos. Added _has_commits() helper to goal_store.py and checkpoint_manager.py. Now projects can be initialized and goals created before first commit."", ""evidence_refs"": [""76b350d08c6fbbcc10ad8a6c87013933c27f6c93""]}","[""76b350d08c6fbbcc10ad8a6c87013933c27f6c93""]",dc9d01e8-9d2e-4f50-b747-6e2f51cfbb92,"{""deltas"": {""know"": 0.5, ""uncertainty"": -0.5, ""context"": 0.35, ""engagement"": -0.05}}",600,350,0.416666666666667,0.03,0.95,0,2026-01-07T13:56:32.687988
3428b2ab-4700-4ccc-93d5-66d065e40566,e9b75d98-6e7b-41a9-83d0-ad33fcad9cca,claude-rovo,2026-01-07T14:04:49.722152,POSTFLIGHT,,"{""engagement"": 0.95, ""know"": 0.9, ""do"": 0.95, ""context"": 0.95, ""clarity"": 0.95, ""coherence"": 0.95, ""signal"": 0.95, ""density"": 0.9, ""state"": 0.95, ""change"": 0.95, ""completion"": 0.95, ""impact"": 0.9, ""uncertainty"": 0.1}","{""engagement"": 0.1, ""know"": 0.2, ""do"": 0.15, ""context"": 0.2, ""clarity"": 0.15, ""coherence"": 0.2, ""signal"": 0.15, ""density"": 0.2, ""state"": 0.25, ""change"": 0.2, ""completion"": 0.85, ""impact"": 0.5, ""uncertainty"": -0.3}",,"{""semantic"": {""phase"": ""POSTFLIGHT"", ""confidence"": 0.9}, ""narrative"": ""POSTFLIGHT: Successfully reviewed and integrated PR #14. KNOW +0.20 (learned PR review workflow), DO +0.15 (confident in cherry-picking fixes), UNCERTAINTY -0.30 (clear on approach), COMPLETION +0.85 (PR handled). Fix applied with proper credit."", ""evidence_refs"": [""60cb2668e014ac03752a47e36ad212d3d1b46083""]}","[""60cb2668e014ac03752a47e36ad212d3d1b46083""]",e9b75d98-6e7b-41a9-83d0-ad33fcad9cca,"{""deltas"": {""engagement"": 0.1, ""know"": 0.2, ""do"": 0.15, ""context"": 0.2, ""clarity"": 0.15, ""coherence"": 0.2, ""signal"": 0.15, ""density"": 0.2, ""state"": 0.25, ""change"": 0.2, ""completion"": 0.85, ""impact"": 0.5, ""uncertainty"": -0.3}}",600,361,0.398333333333333,0.03,0.95,0,2026-01-07T14:04:49.722168
a199c21c-fcc9-4699-82ff-ff09903f7612,fad2242f-33f5-4666-b17e-4b1c52733c1b,claude-code,2026-01-07T16:44:08.624302,POSTFLIGHT,,"{""know"": 0.9, ""uncertainty"": 0.1, ""context"": 0.95, ""engagement"": 0.85}","{""know"": 0.15, ""uncertainty"": -0.15, ""context"": 0.1, ""engagement"": -0.05}",,"{""semantic"": {""phase"": ""POSTFLIGHT"", ""confidence"": 0.9}, ""narrative"": ""POSTFLIGHT: CRM implementation verified. (1) Integrity checks: all imports, schema, CRUD, metrics work correctly. (2) Unit tests: 4/4 pass (client CRUD, engagement complete, interaction log, metrics compute). (3) Findings logged: implementation complete, architecture pattern, SQLite fallback. (4) Unknowns logged: tests directory needed, Qdrant init pattern, goal tracking process. Epistemic state improved from baseline."", ""evidence_refs"": [""7705a32788476c2ff1775e80949b2a90119b4382""]}","[""7705a32788476c2ff1775e80949b2a90119b4382""]",fad2242f-33f5-4666-b17e-4b1c52733c1b,"{""deltas"": {""know"": 0.15, ""uncertainty"": -0.15, ""context"": 0.1, ""engagement"": -0.05}}",600,405,0.325,0.03,0.95,0,2026-01-07T16:44:08.624317
8b01645e-755b-4511-9429-581e4108ee98,aeaf51fc-0f2d-475a-973c-2d9eb75d71bf,claude-code,2026-01-07T16:58:15.268126,POSTFLIGHT,,"{""know"": 0.9, ""uncertainty"": 0.1, ""context"": 0.9, ""engagement"": 0.85, ""completion"": 1.0}","{""know"": 0.2, ""uncertainty"": -0.1, ""context"": 0.15, ""engagement"": 0.0}",,"{""semantic"": {""phase"": ""POSTFLIGHT"", ""confidence"": 0.9}, ""narrative"": ""Post-compact verification complete. Turtle grounding check confirms EMERGENT state (expected for fresh session). Previous session's work verified: CRM 6-phase implementation complete, handoff created, 4 goals logged. Architectural snapshot is airtight."", ""evidence_refs"": [""6aa9bb31a45a7577d5d8f3f40b933fd0c64a4467""]}","[""6aa9bb31a45a7577d5d8f3f40b933fd0c64a4467""]",aeaf51fc-0f2d-475a-973c-2d9eb75d71bf,"{""deltas"": {""know"": 0.2, ""uncertainty"": -0.1, ""context"": 0.15, ""engagement"": 0.0}}",600,363,0.395,0.03,0.95,0,2026-01-07T16:58:15.268144
ccbc3442-b4ef-4367-8156-8ee83398bbff,0d6060fe-fd0f-48b9-aeaa-8e34b0dba3fb,claude-code,2026-01-07T17:07:08.184118,POSTFLIGHT,,"{""know"": 0.95, ""uncertainty"": 0.05, ""context"": 0.9, ""engagement"": 0.9, ""completion"": 1.0}","{""know"": 0.35, ""uncertainty"": -0.25, ""context"": 0.2, ""engagement"": 0.0}",,"{""semantic"": {""phase"": ""POSTFLIGHT"", ""confidence"": 0.95}, ""narrative"": ""Goal 1 complete. 1287-line monolith split into 7 focused modules. Facade pattern preserves API compatibility. Imports verified."", ""evidence_refs"": [""d00b1dce2150893acc73c8518dd90a6856819b1a""]}","[""d00b1dce2150893acc73c8518dd90a6856819b1a""]",0d6060fe-fd0f-48b9-aeaa-8e34b0dba3fb,"{""deltas"": {""know"": 0.35, ""uncertainty"": -0.25, ""context"": 0.2, ""engagement"": 0.0}}",600,331,0.448333333333333,0.03,0.95,0,2026-01-07T17:07:08.184142
d0aeb027-4b6a-4548-b696-ccc22e17d639,830f0f53-0b19-43c9-b7e7-54f5c5e6266d,claude-code,2026-01-07T17:10:36.066854,POSTFLIGHT,,"{""know"": 0.95, ""uncertainty"": 0.05, ""context"": 0.9, ""engagement"": 0.85, ""completion"": 1.0}","{""know"": 0.3, ""uncertainty"": -0.25, ""context"": 0.2, ""engagement"": 0.0}",,"{""semantic"": {""phase"": ""POSTFLIGHT"", ""confidence"": 0.95}, ""narrative"": ""Goal 2 complete. Created memory_backend.py (583 lines) with Protocol, SQLite/Qdrant backends. Refactored client_memory.py (390 lines) with backward compat layer."", ""evidence_refs"": [""ed5a4fc213d58a4b6779921ac892203b1ac8aaf8""]}","[""ed5a4fc213d58a4b6779921ac892203b1ac8aaf8""]",830f0f53-0b19-43c9-b7e7-54f5c5e6266d,"{""deltas"": {""know"": 0.3, ""uncertainty"": -0.25, ""context"": 0.2, ""engagement"": 0.0}}",600,340,0.433333333333333,0.03,0.95,0,2026-01-07T17:10:36.066875
0a1384ae-7feb-4a2b-8a2f-60118492abb4,50e531c8-0b6b-4c8d-9573-4aa4e3be973b,claude-code,2026-01-07T17:14:18.321169,POSTFLIGHT,,"{""know"": 0.95, ""uncertainty"": 0.05, ""context"": 0.9, ""engagement"": 0.85, ""completion"": 1.0}","{""know"": 0.2, ""uncertainty"": -0.15, ""context"": 0.1, ""engagement"": -0.05}",,"{""semantic"": {""phase"": ""POSTFLIGHT"", ""confidence"": 0.95}, ""narrative"": ""Goal 3 complete. Created tests/ with 58 passing tests across 5 test files."", ""evidence_refs"": [""34e0e1a54fc1291e32ce7500f07d70f15b1e8428""]}","[""34e0e1a54fc1291e32ce7500f07d70f15b1e8428""]",50e531c8-0b6b-4c8d-9573-4aa4e3be973b,"{""deltas"": {""know"": 0.2, ""uncertainty"": -0.15, ""context"": 0.1, ""engagement"": -0.05}}",600,318,0.47,0.03,0.95,0,2026-01-07T17:14:18.321189
af3fb904-08c6-4933-ac82-1a69d60b2cbb,e120eb70-4d7c-4995-a20c-4a43e6da73e9,claude-code,2026-01-07T17:15:54.471914,POSTFLIGHT,,"{""know"": 0.95, ""uncertainty"": 0.05, ""context"": 0.95, ""engagement"": 0.85, ""completion"": 1.0}","{""know"": 0.05, ""uncertainty"": -0.05, ""context"": 0.05, ""engagement"": 0.15}",,"{""semantic"": {""phase"": ""POSTFLIGHT"", ""confidence"": 0.95}, ""narrative"": ""All 4 turtle goals complete: (1) CLI split into 7 modules, (2) Memory backend abstraction with Protocol pattern, (3) 58 pytest tests, (4) All modules documented."", ""evidence_refs"": [""fd1520efde52a5609ff36320023729f52b356795""]}","[""fd1520efde52a5609ff36320023729f52b356795""]",e120eb70-4d7c-4995-a20c-4a43e6da73e9,"{""deltas"": {""know"": 0.05, ""uncertainty"": -0.05, ""context"": 0.05, ""engagement"": 0.15}}",600,340,0.433333333333333,0.03,0.95,0,2026-01-07T17:15:54.471931
5b5093fb-6969-45f9-8e42-ffffe2faca30,6caf2b1a-5740-467c-b8f8-bb869ae24e9d,claude-code,2026-01-07T17:29:00.837551,POSTFLIGHT,,"{""know"": 0.88, ""uncertainty"": 0.12, ""context"": 0.92, ""engagement"": 0.85}","{""know"": 0.23, ""uncertainty"": -0.13, ""context"": 0.17, ""engagement"": -0.05}",,"{""semantic"": {""phase"": ""POSTFLIGHT"", ""confidence"": 0.88}, ""narrative"": ""Successfully simplified architecture: (1) Removed _print_header leak from facade, (2) Deleted 118 lines unused legacy layer from client_memory.py, (3) Fixed unused import. All 58 tests pass. Key insight: assessment tool's 62% average is misleading - flags valid patterns (facades, empty inits) as problems. Architecture is solid with clean domain separation. Real confidence higher than measured."", ""evidence_refs"": [""3523aea934cb7739223ad03ecda97c52f6426b41""]}","[""3523aea934cb7739223ad03ecda97c52f6426b41""]",6caf2b1a-5740-467c-b8f8-bb869ae24e9d,"{""deltas"": {""know"": 0.23, ""uncertainty"": -0.13, ""context"": 0.17, ""engagement"": -0.05}}",600,399,0.335,0.03,0.95,0,2026-01-07T17:29:00.837568
7d0eff6c-f583-4035-9c7a-7accb78942dd,afd7e0d6-e156-4cad-8ee0-4204573b653a,claude-rovo,2026-01-07T18:22:02.726175,POSTFLIGHT,,"{""engagement"": 0.9, ""know"": 0.75, ""do"": 0.85, ""context"": 0.8, ""clarity"": 0.9, ""coherence"": 0.85, ""signal"": 0.9, ""density"": 0.7, ""state"": 0.85, ""change"": 0.9, ""completion"": 1.0, ""impact"": 0.85, ""uncertainty"": 0.2}","{""engagement"": 0.05, ""know"": 0.35, ""do"": 0.1, ""context"": 0.3, ""clarity"": 0.2, ""coherence"": 0.25, ""signal"": 0.25, ""density"": 0.4, ""state"": 0.65, ""change"": 0.2, ""completion"": 1.0, ""impact"": 0.85, ""uncertainty"": -0.45}",,"{""semantic"": {""phase"": ""POSTFLIGHT"", ""confidence"": 0.8}, ""narrative"": ""KNOW +0.35 (understood workflow bug and docs structure), CONTEXT +0.3 (loaded project via bootstrap), UNCERTAINTY -0.45 (clear on correct pattern now), COMPLETION 1.0 (all fixes applied). Fixed fundamental workflow ordering issue across 8 files."", ""evidence_refs"": [""4ab9dfb3ce1d4bf70326d42077aba82ed956a73c""]}","[""4ab9dfb3ce1d4bf70326d42077aba82ed956a73c""]",afd7e0d6-e156-4cad-8ee0-4204573b653a,"{""deltas"": {""engagement"": 0.05, ""know"": 0.35, ""do"": 0.1, ""context"": 0.3, ""clarity"": 0.2, ""coherence"": 0.25, ""signal"": 0.25, ""density"": 0.4, ""state"": 0.65, ""change"": 0.2, ""completion"": 1.0, ""impact"": 0.85, ""uncertainty"": -0.45}}",600,361,0.398333333333333,0.03,0.95,0,2026-01-07T18:22:02.726193
f43ea4e9-55e1-4aa6-bbd1-347bc72aceb7,afd7e0d6-e156-4cad-8ee0-4204573b653a,claude-rovo,2026-01-07T18:28:52.301884,POSTFLIGHT,,"{""engagement"": 0.95, ""know"": 0.9, ""do"": 0.95, ""context"": 0.85, ""clarity"": 0.95, ""coherence"": 0.9, ""signal"": 0.95, ""density"": 0.85, ""state"": 0.9, ""change"": 0.95, ""completion"": 1.0, ""impact"": 0.95, ""uncertainty"": 0.1}","{""engagement"": 0.1, ""know"": 0.5, ""do"": 0.2, ""context"": 0.35, ""clarity"": 0.25, ""coherence"": 0.3, ""signal"": 0.3, ""density"": 0.55, ""state"": 0.7, ""change"": 0.25, ""completion"": 1.0, ""impact"": 0.95, ""uncertainty"": -0.55}",7d0eff6c-f583-4035-9c7a-7accb78942dd,"{""semantic"": {""phase"": ""POSTFLIGHT"", ""confidence"": 0.9}, ""narrative"": ""KNOW +0.5 (deep understanding of system prompt architecture), CONTEXT +0.35 (now have full Rovo config context), UNCERTAINTY -0.55 (crystal clear on feature parity), COMPLETION 1.0 (all upgrades complete and tested). Successfully identified and fixed 2 major issues: workflow ordering bug and missing 8 critical features."", ""evidence_refs"": [""e5bb75c197bb3a691155d7c83894d2e30738b38b""]}","[""e5bb75c197bb3a691155d7c83894d2e30738b38b""]",afd7e0d6-e156-4cad-8ee0-4204573b653a,"{""deltas"": {""engagement"": 0.1, ""know"": 0.5, ""do"": 0.2, ""context"": 0.35, ""clarity"": 0.25, ""coherence"": 0.3, ""signal"": 0.3, ""density"": 0.55, ""state"": 0.7, ""change"": 0.25, ""completion"": 1.0, ""impact"": 0.95, ""uncertainty"": -0.55}}",600,380,0.366666666666667,0.03,0.95,0,2026-01-07T18:28:52.301895
727904e0-4886-445e-9e41-df0723042139,0d91284a-4fc7-4332-9524-8c9e61eb2719,claude-code,2026-01-07T19:30:44.831846,POSTFLIGHT,,"{""know"": 0.9, ""uncertainty"": 0.1, ""context"": 0.85, ""completion"": 0.85, ""change"": 0.6, ""impact"": 0.75, ""engagement"": 0.8}","{""know"": 0.15, ""uncertainty"": -0.1, ""context"": 0.15, ""completion"": 0.75, ""change"": 0.4, ""impact"": 0.25, ""engagement"": 0.15}",,"{""semantic"": {""phase"": ""POSTFLIGHT"", ""confidence"": 0.9}, ""narrative"": ""Both issues resolved and committed. Statusline now shows \u2192PROCEED or \u2192INVESTIGATE after CHECK phase."", ""evidence_refs"": [""cb66abe821c136bc4f6ee1e70859c0b9d1c57cbb""]}","[""cb66abe821c136bc4f6ee1e70859c0b9d1c57cbb""]",0d91284a-4fc7-4332-9524-8c9e61eb2719,"{""deltas"": {""know"": 0.15, ""uncertainty"": -0.1, ""context"": 0.15, ""completion"": 0.75, ""change"": 0.4, ""impact"": 0.25, ""engagement"": 0.15}}",600,325,0.458333333333333,0.03,0.95,0,2026-01-07T19:30:44.831862
db8cf9c6-97df-4d27-a01f-2691e36982c8,4e4ffc7e-b6c7-465e-8a00-5a5f49702528,claude-code,2026-01-07T20:17:51.602706,POSTFLIGHT,,"{""know"": 0.85, ""uncertainty"": 0.15, ""context"": 0.9, ""engagement"": 0.85, ""completion"": 0.85}","{""know"": 0.4, ""uncertainty"": -0.4, ""context"": 0.3, ""engagement"": 0.0}",,"{""semantic"": {""phase"": ""POSTFLIGHT"", ""confidence"": 0.85}, ""narrative"": ""Successfully identified and fixed the episodic memory storage bug. Root cause was signature mismatch - calling create_session_episode with embed_episodic parameters. Fixed by calling embed_episodic directly. Episodic collection was empty (0 points), this POSTFLIGHT should now store the first episode."", ""evidence_refs"": [""68dedf289efb591f414677c01b9da31f7823e20a""]}","[""68dedf289efb591f414677c01b9da31f7823e20a""]",4e4ffc7e-b6c7-465e-8a00-5a5f49702528,"{""deltas"": {""know"": 0.4, ""uncertainty"": -0.4, ""context"": 0.3, ""engagement"": 0.0}}",600,375,0.375,0.03,0.95,0,2026-01-07T20:17:51.602725
e1e5e680-0f35-4a12-ad51-a42523ba3ff0,55617110-4742-45d1-9764-ffa2343925c5,claude-code,2026-01-07T20:21:19.325770,POSTFLIGHT,,"{""know"": 0.95, ""uncertainty"": 0.1, ""context"": 0.95, ""engagement"": 0.9, ""completion"": 1.0}","{""know"": 0.15, ""uncertainty"": -0.1, ""context"": 0.1, ""engagement"": 0.0}",,"{""semantic"": {""phase"": ""POSTFLIGHT"", ""confidence"": 0.9}, ""narrative"": ""Fixed two bugs: (1) workflow_commands.py signature mismatch - was calling create_session_episode with embed_episodic's parameters. (2) Qdrant client was defaulting to file storage instead of checking localhost:6333 server. Both fixes verified working - episodic collection now stores episodes."", ""evidence_refs"": [""3b9dce7718ff1b0bb0e9008aa8cd6e48ebd01480""]}","[""3b9dce7718ff1b0bb0e9008aa8cd6e48ebd01480""]",55617110-4742-45d1-9764-ffa2343925c5,"{""deltas"": {""know"": 0.15, ""uncertainty"": -0.1, ""context"": 0.1, ""engagement"": 0.0}}",600,373,0.378333333333333,0.03,0.95,0,2026-01-07T20:21:19.325788
b98ef85c-7487-48c9-bad9-dc061330ff4e,9aed0ccc-71df-4bff-af17-6c6d5273f3ff,claude-code,2026-01-07T20:21:56.933992,POSTFLIGHT,,"{""know"": 0.9, ""uncertainty"": 0.15, ""context"": 0.9, ""engagement"": 0.85, ""completion"": 0.95}","{""know"": 0.15, ""uncertainty"": -0.1, ""context"": 0.1, ""engagement"": 0.0}",,"{""semantic"": {""phase"": ""POSTFLIGHT"", ""confidence"": 0.85}, ""narrative"": ""Fixed two bugs affecting episodic memory: (1) embed_episodic signature mismatch in workflow_commands.py, (2) Qdrant client not detecting localhost:6333 server. Both fixes applied and package reinstalled."", ""evidence_refs"": [""9466f636548c8eb6b8d8a6a59b22ba6b83b43f2e""]}","[""9466f636548c8eb6b8d8a6a59b22ba6b83b43f2e""]",9aed0ccc-71df-4bff-af17-6c6d5273f3ff,"{""deltas"": {""know"": 0.15, ""uncertainty"": -0.1, ""context"": 0.1, ""engagement"": 0.0}}",600,350,0.416666666666667,0.03,0.95,0,2026-01-07T20:21:56.934009
2f076b84-d151-4d7a-9af1-cdc835cd27ef,42b1c04d-3e1e-4c0b-84f4-9e1c3c2b2952,claude-code,2026-01-07T20:25:00.458876,POSTFLIGHT,,"{""know"": 0.9, ""uncertainty"": 0.1, ""context"": 0.9, ""engagement"": 0.85, ""completion"": 1.0}","{""know"": 0.2, ""uncertainty"": -0.2, ""context"": 0.15, ""engagement"": 0.0}",,"{""semantic"": {""phase"": ""POSTFLIGHT"", ""confidence"": 0.9}, ""narrative"": ""Fixed three bugs: (1) embed_episodic called instead of create_session_episode (signature mismatch), (2) Qdrant client now auto-detects localhost:6333 server, (3) replaced non-existent db.get_findings/get_unknowns with correct methods. Episodic memory should now store properly."", ""evidence_refs"": [""c97df18227c8ee222e6622b165395defe38ae64d""]}","[""c97df18227c8ee222e6622b165395defe38ae64d""]",42b1c04d-3e1e-4c0b-84f4-9e1c3c2b2952,"{""deltas"": {""know"": 0.2, ""uncertainty"": -0.2, ""context"": 0.15, ""engagement"": 0.0}}",600,369,0.385,0.03,0.95,0,2026-01-07T20:25:00.458894
