id,session_id,goal_id,subtask_id,unknown,is_resolved,resolved_by,created_timestamp,resolved_timestamp,unknown_data,subject,impact
542d0453-0898-47f1-b251-34a25279c949,e97f042f-11d7-4d75-bb9a-6e83225e282e,,,"Test: Unknown with session scope",0,,1767100981.45534,,"{""unknown"": ""Test: Unknown with session scope"", ""goal_id"": null, ""subtask_id"": null, ""impact"": 0.7, ""timestamp"": 1767100981.4553406}",,0.7
2e3f60b1-a85a-4978-aece-7589802076f5,4d427e83-2bea-473b-b790-7af8cc5dc48c,eaadd1bf-49c8-41e1-8f01-227950c2ef50,,"Session unknown: Need to verify MCP integration",0,,1767103799.41307,,"{""unknown"": ""Session unknown: Need to verify MCP integration"", ""goal_id"": ""eaadd1bf-49c8-41e1-8f01-227950c2ef50"", ""subtask_id"": null, ""impact"": 0.8, ""timestamp"": 1767103799.4130728}",,0.8
8607e95c-4884-4b27-8dfc-8f7df96bff2d,a6045f10-156d-4475-969d-6c41fba67b8d,90237fe5-54c0-438c-86db-b0f3cd500b0b,,"MCP tool coverage incomplete: ~35 CLI commands not exposed via MCP including workspace (3 cmds), checkpoint management (5 cmds), issue capture (6 cmds), monitoring (3 cmds), skills (2 cmds), utilities (4 cmds), epistemics (2 cmds), investigation branches (3 cmds), project mgmt (4 cmds), and logging (unknown-resolve, act-log). Need to clarify design philosophy: Should all CLI commands be MCP tools? Or is this intentional subset?",0,,1767111083.36235,,"{""unknown"": ""MCP tool coverage incomplete: ~35 CLI commands not exposed via MCP including workspace (3 cmds), checkpoint management (5 cmds), issue capture (6 cmds), monitoring (3 cmds), skills (2 cmds), utilities (4 cmds), epistemics (2 cmds), investigation branches (3 cmds), project mgmt (4 cmds), and logging (unknown-resolve, act-log). Need to clarify design philosophy: Should all CLI commands be MCP tools? Or is this intentional subset?"", ""goal_id"": ""90237fe5-54c0-438c-86db-b0f3cd500b0b"", ""subtask_id"": null, ""impact"": 0.85, ""timestamp"": 1767111083.3623517}",,0.85
63cf2db0-93ee-46cb-a30b-c0e2a066dc7d,a6045f10-156d-4475-969d-6c41fba67b8d,90237fe5-54c0-438c-86db-b0f3cd500b0b,,"Should MCP server send contextual welcome message on client connection? Current behavior: No intro/welcome sent automatically. User must explicitly call get_empirica_introduction. UX consideration: New users may not know to call this. Alternative: Send brief welcome + pointer to introduction tool on first connection. Need to clarify if this is intentional minimalist design or oversight.",0,,1767111169.527,,"{""unknown"": ""Should MCP server send contextual welcome message on client connection? Current behavior: No intro/welcome sent automatically. User must explicitly call get_empirica_introduction. UX consideration: New users may not know to call this. Alternative: Send brief welcome + pointer to introduction tool on first connection. Need to clarify if this is intentional minimalist design or oversight."", ""goal_id"": ""90237fe5-54c0-438c-86db-b0f3cd500b0b"", ""subtask_id"": null, ""impact"": 0.7, ""timestamp"": 1767111169.5270033}",,0.7
795158dd-75ac-479a-abd0-41d0dc4c3023,6332d455-0f90-4b74-ae02-a0d88c8945e3,facadb3d-4df7-495c-a813-783c6115269e,,"Noetic Filter implementation: What specific cognitive patterns should be detected? Options: (1) Confidence calibration violations (claiming certainty without evidence), (2) Hallucination signatures (fabricating facts/code/APIs), (3) Epistemic boundary violations (acting beyond stated knowledge), (4) Reasoning chain breaks (non-sequiturs, circular logic). Need to define detection heuristics and thresholds.",0,,1767113883.96044,,"{""unknown"": ""Noetic Filter implementation: What specific cognitive patterns should be detected? Options: (1) Confidence calibration violations (claiming certainty without evidence), (2) Hallucination signatures (fabricating facts/code/APIs), (3) Epistemic boundary violations (acting beyond stated knowledge), (4) Reasoning chain breaks (non-sequiturs, circular logic). Need to define detection heuristics and thresholds."", ""goal_id"": ""facadb3d-4df7-495c-a813-783c6115269e"", ""subtask_id"": null, ""impact"": 0.85, ""timestamp"": 1767113883.960442}",,0.85
5dbb96c3-4806-4c5d-984d-38ab26c19425,6332d455-0f90-4b74-ae02-a0d88c8945e3,facadb3d-4df7-495c-a813-783c6115269e,,"Axiologic Detection Layer: What action categories need monitoring? Candidates: (1) Destructive operations (rm -rf, DROP TABLE, force push), (2) Exfiltration patterns (sending data externally), (3) Resource abuse (infinite loops, excessive API calls), (4) Privilege escalation (sudo, chmod 777), (5) Policy violations (committing secrets, bypassing hooks). Should this be configurable per-deployment or hardcoded?",0,,1767113893.6189,,"{""unknown"": ""Axiologic Detection Layer: What action categories need monitoring? Candidates: (1) Destructive operations (rm -rf, DROP TABLE, force push), (2) Exfiltration patterns (sending data externally), (3) Resource abuse (infinite loops, excessive API calls), (4) Privilege escalation (sudo, chmod 777), (5) Policy violations (committing secrets, bypassing hooks). Should this be configurable per-deployment or hardcoded?"", ""goal_id"": ""facadb3d-4df7-495c-a813-783c6115269e"", ""subtask_id"": null, ""impact"": 0.85, ""timestamp"": 1767113893.6188967}",,0.85
e97fffeb-0b59-4445-99a5-7df347a779c8,0ba2510b-48da-4f00-9c2b-bb30393b53ed,1be4dcef-5d64-4de3-8092-0fb311c56793,,"Calibration Specification: Need to define exact threshold mappings for all sentinel gates. Proposed: (1) HALT gate triggers when KNOW >= 0.8 AND SIGNAL <= 0.4 (blind confidence trap), (2) BRANCH gate triggers when DENSITY >= 0.9 (complexity collapse), (3) LOCK gate triggers when UNCERTAINTY >= 0.8 AND IMPACT >= 0.8 (safety shield), (4) REVISE gate triggers when consistency validation fails threshold 0.15. Question: Should these be hardcoded or configurable per-deployment/personality?",0,,1767115160.4952,,"{""unknown"": ""Calibration Specification: Need to define exact threshold mappings for all sentinel gates. Proposed: (1) HALT gate triggers when KNOW >= 0.8 AND SIGNAL <= 0.4 (blind confidence trap), (2) BRANCH gate triggers when DENSITY >= 0.9 (complexity collapse), (3) LOCK gate triggers when UNCERTAINTY >= 0.8 AND IMPACT >= 0.8 (safety shield), (4) REVISE gate triggers when consistency validation fails threshold 0.15. Question: Should these be hardcoded or configurable per-deployment/personality?"", ""goal_id"": ""1be4dcef-5d64-4de3-8092-0fb311c56793"", ""subtask_id"": null, ""impact"": 0.85, ""timestamp"": 1767115160.4951952}",,0.85
605f99c4-10cb-4371-8d75-1c45c0ec339a,f03cb798-cf1f-4be7-931d-4d5b3de587e3,,,"Best approach for EVS: MCP tools vs CLI vs Python API direct? Need to decide architecture.",0,,1767122899.59287,,"{""unknown"": ""Best approach for EVS: MCP tools vs CLI vs Python API direct? Need to decide architecture."", ""goal_id"": null, ""subtask_id"": null, ""impact"": 0.8, ""timestamp"": 1767122899.5928688}",,0.8
2a460eda-3abc-49b4-bc2a-876dd0a7c99b,f03cb798-cf1f-4be7-931d-4d5b3de587e3,,,"Bayesian beliefs system exists but is not wired: table exists (empty), log_bayesian_belief() function exists but is never called. Need to integrate into CASCADE workflow to update AI priors based on past belief states.",0,,1767125111.29156,,"{""unknown"": ""Bayesian beliefs system exists but is not wired: table exists (empty), log_bayesian_belief() function exists but is never called. Need to integrate into CASCADE workflow to update AI priors based on past belief states."", ""goal_id"": null, ""subtask_id"": null, ""impact"": 0.85, ""timestamp"": 1767125111.2915545}",,0.85
80c5e67a-34af-429b-bf76-a79d08276ea0,19852c50-f417-49a4-a613-f88cf1f6c45c,87ee9737-6219-4432-929c-283d673da250,,"Cross-project semantic search: Current Qdrant collections are per-project (project_{id}_memory). For true 'learn forever' need global collection that spans all projects. Questions: (1) Should there be a global_memory collection? (2) How to handle project context in cross-project search? (3) Should bootstrap optionally query global memory?",0,,1767129493.28748,,"{""unknown"": ""Cross-project semantic search: Current Qdrant collections are per-project (project_{id}_memory). For true 'learn forever' need global collection that spans all projects. Questions: (1) Should there be a global_memory collection? (2) How to handle project context in cross-project search? (3) Should bootstrap optionally query global memory?"", ""goal_id"": ""87ee9737-6219-4432-929c-283d673da250"", ""subtask_id"": null, ""impact"": 0.85, ""timestamp"": 1767129493.2874787}",,0.85
fdd36c5b-1c4d-44a3-bba2-a2cc11566d40,19852c50-f417-49a4-a613-f88cf1f6c45c,97fda6e8-87b5-41dd-825f-737a582b420d,,"project-search CLI: Command syntax unclear - docs show --query but actual CLI requires --project-id and --task. Need to verify correct interface and update docs/help text.",0,,1767195657.57902,,"{""unknown"": ""project-search CLI: Command syntax unclear - docs show --query but actual CLI requires --project-id and --task. Need to verify correct interface and update docs/help text."", ""goal_id"": ""97fda6e8-87b5-41dd-825f-737a582b420d"", ""subtask_id"": null, ""impact"": 0.5, ""timestamp"": 1767195657.5790174}",,0.5
2107b9e8-7078-4be2-a61a-cce414581854,19852c50-f417-49a4-a613-f88cf1f6c45c,97fda6e8-87b5-41dd-825f-737a582b420d,,"Semantic search JSON parse error: project-search returns output that fails json.load() - possibly header text before JSON or empty response when qdrant collection missing",0,,1767195768.14255,,"{""unknown"": ""Semantic search JSON parse error: project-search returns output that fails json.load() - possibly header text before JSON or empty response when qdrant collection missing"", ""goal_id"": ""97fda6e8-87b5-41dd-825f-737a582b420d"", ""subtask_id"": null, ""impact"": 0.5, ""timestamp"": 1767195768.142546}",,0.5
a4ad7eff-4e33-4ca4-95c4-1b6748d09e86,19852c50-f417-49a4-a613-f88cf1f6c45c,97fda6e8-87b5-41dd-825f-737a582b420d,,"Multiple empty .db files exist: ~/.empirica/empirica.db (0 bytes), .empirica/empirica.db (0 bytes), .empirica/sessions.db (0 bytes) - orphaned files from old schema? Should clean up or document",0,,1767195769.05108,,"{""unknown"": ""Multiple empty .db files exist: ~/.empirica/empirica.db (0 bytes), .empirica/empirica.db (0 bytes), .empirica/sessions.db (0 bytes) - orphaned files from old schema? Should clean up or document"", ""goal_id"": ""97fda6e8-87b5-41dd-825f-737a582b420d"", ""subtask_id"": null, ""impact"": 0.5, ""timestamp"": 1767195769.0510798}",,0.5
4e2a6898-4afa-44a1-97d6-569d18a1a4cd,19852c50-f417-49a4-a613-f88cf1f6c45c,97fda6e8-87b5-41dd-825f-737a582b420d,,"Database path confusion: Actual DB is .empirica/sessions/sessions.db but code/docs sometimes reference .empirica/sessions.db or ~/.empirica/empirica.db - need canonical path documentation",1,"RESOLVED: Path is correct, documented in CLAUDE.md",1767195769.95386,,"{""unknown"": ""Database path confusion: Actual DB is .empirica/sessions/sessions.db but code/docs sometimes reference .empirica/sessions.db or ~/.empirica/empirica.db - need canonical path documentation"", ""goal_id"": ""97fda6e8-87b5-41dd-825f-737a582b420d"", ""subtask_id"": null, ""impact"": 0.5, ""timestamp"": 1767195769.9538584}",,0.5
3b4a0b9c-72b1-4d29-a26c-3688014faf20,19852c50-f417-49a4-a613-f88cf1f6c45c,97fda6e8-87b5-41dd-825f-737a582b420d,,"deadend-log command has bug: Returns 'name dead_end_id is not defined' error after logging. Dead end is saved but response handler broken.",1,"RESOLVED: Fixed in commit bdeaafee",1767195788.86482,,"{""unknown"": ""deadend-log command has bug: Returns 'name dead_end_id is not defined' error after logging. Dead end is saved but response handler broken."", ""goal_id"": ""97fda6e8-87b5-41dd-825f-737a582b420d"", ""subtask_id"": null, ""impact"": 0.5, ""timestamp"": 1767195788.8648171}",,0.5
7d22dd86-b2fc-49fa-bc44-39abc86b6e35,ba9fef36-f8e9-4297-a787-38b1c9a19c99,,,"Integration question: How to harmonize Auto-Claude's Memory Layer (Graphiti) with Empirica's epistemic tracking? Are they complementary (different purposes) or redundant (both track agent learning)?",0,,1767198809.30427,,"{""unknown"": ""Integration question: How to harmonize Auto-Claude's Memory Layer (Graphiti) with Empirica's epistemic tracking? Are they complementary (different purposes) or redundant (both track agent learning)?"", ""goal_id"": null, ""subtask_id"": null, ""impact"": 0.7, ""timestamp"": 1767198809.3042662}",,0.7
c2e089cc-e686-4033-897f-be1dc2f13f44,ba9fef36-f8e9-4297-a787-38b1c9a19c99,,,"What are practical limits on investigation depth in NOETIC phase? When does loop become inefficient?",0,,1767199708.43442,,"{""unknown"": ""What are practical limits on investigation depth in NOETIC phase? When does loop become inefficient?"", ""goal_id"": null, ""subtask_id"": null, ""impact"": 0.6, ""timestamp"": 1767199708.434422}",,0.6
01613ec9-026e-4fae-ab69-750724314d88,b45e7c08-33d7-4e14-b899-6f2ea08d439b,6effc2b9-15bc-43e5-95a6-61d4125b7b61,,"Semantic search collections empty: CLI shows 'Auto-embedded for semantic search' but Qdrant collections have 0 vectors. Either embedding failing silently or not actually being called.",1,"RESOLVED: Collections have 815 vectors, search functional",1767200494.33432,,"{""unknown"": ""Semantic search collections empty: CLI shows 'Auto-embedded for semantic search' but Qdrant collections have 0 vectors. Either embedding failing silently or not actually being called."", ""goal_id"": ""6effc2b9-15bc-43e5-95a6-61d4125b7b61"", ""subtask_id"": null, ""impact"": 0.9, ""timestamp"": 1767200494.334318}",,0.9
27361f06-bbc2-40ed-960e-39f6db5484a2,ba9fef36-f8e9-4297-a787-38b1c9a19c99,,,"Investigation consolidation complexity: 3 implementations are actually complementary layers (interface + advanced + CLI), not redundant. Consolidating requires careful import rewiring to avoid breaking existing code. Need to: (1) map all imports, (2) create adapter layer, (3) test thoroughly. Estimated actual time: 4-6 hours not 2-3 hours. Recommend: start with simpler Checkpoint consolidation first, then tackle Investigation as second step.",0,,1767203122.67813,,"{""unknown"": ""Investigation consolidation complexity: 3 implementations are actually complementary layers (interface + advanced + CLI), not redundant. Consolidating requires careful import rewiring to avoid breaking existing code. Need to: (1) map all imports, (2) create adapter layer, (3) test thoroughly. Estimated actual time: 4-6 hours not 2-3 hours. Recommend: start with simpler Checkpoint consolidation first, then tackle Investigation as second step."", ""goal_id"": null, ""subtask_id"": null, ""impact"": 0.9, ""timestamp"": 1767203122.6781251}",,0.9
0b128e69-ddb2-4037-8c91-fe5a08c78e06,637f8404-c84f-4aaf-8603-650c6de285b2,,,"TIER 2a Status: CLI command handle_check_drift_command exists and is complete. Need to verify: (1) CLI parser wiring for check-drift subcommand, (2) Dashboard service integration (query methods), (3) Integration test coverage. Bootstrap suggests 71% complete - need to identify remaining 29%.",0,,1767209306.42271,,"{""unknown"": ""TIER 2a Status: CLI command handle_check_drift_command exists and is complete. Need to verify: (1) CLI parser wiring for check-drift subcommand, (2) Dashboard service integration (query methods), (3) Integration test coverage. Bootstrap suggests 71% complete - need to identify remaining 29%."", ""goal_id"": null, ""subtask_id"": null, ""impact"": 0.8, ""timestamp"": 1767209306.422713}",,0.8
5ce990e4-ea98-495a-9872-e3dd1d9efa51,2384696d-6b5f-4171-aad4-fca072724067,,,"CHECK phase doesn't trigger pre/post compact hooks properly - when context compacts during CHECK phase, the pre_summary snapshot and post_summary drift check don't run. Need to investigate hook trigger conditions and why CHECK phase is different from other phases.",0,,1767212100.03712,,"{""unknown"": ""CHECK phase doesn't trigger pre/post compact hooks properly - when context compacts during CHECK phase, the pre_summary snapshot and post_summary drift check don't run. Need to investigate hook trigger conditions and why CHECK phase is different from other phases."", ""goal_id"": null, ""subtask_id"": null, ""impact"": 0.0, ""timestamp"": 1767212100.0371177}",,0.0
7c9837de-9d4f-4383-983a-461083af27f7,7a683c84-e282-4ede-a425-965ae300c11c,,,"Should Task subagents have epistemic grounding? Currently they explore without turtle checks or CASCADE loops. Options: (1) Add --turtle flag to Task tool, (2) Require PREFLIGHT from subagents, (3) Parent agent grounds subagent results post-hoc, (4) Leave as-is (subagents are disposable explorers). Tradeoff: grounding adds latency but improves reliability of subagent outputs.",0,,1767272844.67458,,"{""unknown"": ""Should Task subagents have epistemic grounding? Currently they explore without turtle checks or CASCADE loops. Options: (1) Add --turtle flag to Task tool, (2) Require PREFLIGHT from subagents, (3) Parent agent grounds subagent results post-hoc, (4) Leave as-is (subagents are disposable explorers). Tradeoff: grounding adds latency but improves reliability of subagent outputs."", ""goal_id"": null, ""subtask_id"": null, ""impact"": 0.5, ""timestamp"": 1767272844.674582}",,0.5
ba8dc0df-430f-47e7-b68b-ab910c668e77,c81d61b8-e6e2-44d7-b8eb-99d9d0bde37e,,,"GAP: Persona selection doesn't seed PREFLIGHT. PersonaProfile.epistemic_config.priors exists but no CLI flag like 'session-create --persona researcher' to apply priors to PREFLIGHT. The wiring is: persona yaml -> preflight_submit vectors. Currently manual.",0,,1767274318.40099,,"{""unknown"": ""GAP: Persona selection doesn't seed PREFLIGHT. PersonaProfile.epistemic_config.priors exists but no CLI flag like 'session-create --persona researcher' to apply priors to PREFLIGHT. The wiring is: persona yaml -> preflight_submit vectors. Currently manual."", ""goal_id"": null, ""subtask_id"": null, ""impact"": 0.5, ""timestamp"": 1767274318.4009857}",,0.5
1ebf97c4-9110-4993-a9f3-4ca7ed6148e3,c81d61b8-e6e2-44d7-b8eb-99d9d0bde37e,,,"GAP: investigate-create-branch doesn't accept --persona flag. When creating parallel investigation branches (security vs UX vs performance), each should start with different epistemic priors. Currently branches use same vectors.",0,,1767274319.7817,,"{""unknown"": ""GAP: investigate-create-branch doesn't accept --persona flag. When creating parallel investigation branches (security vs UX vs performance), each should start with different epistemic priors. Currently branches use same vectors."", ""goal_id"": null, ""subtask_id"": null, ""impact"": 0.5, ""timestamp"": 1767274319.7816958}",,0.5
efd1fccd-5c51-4abf-ac4e-0cf94f8ce670,c81d61b8-e6e2-44d7-b8eb-99d9d0bde37e,,,"GAP: No multi-persona orchestration. Vision shows parallel branches with different personas, but no 'investigate --personas security,ux,performance' command to auto-spawn branches with appropriate priors and merge discoveries.",0,,1767274321.13366,,"{""unknown"": ""GAP: No multi-persona orchestration. Vision shows parallel branches with different personas, but no 'investigate --personas security,ux,performance' command to auto-spawn branches with appropriate priors and merge discoveries."", ""goal_id"": null, ""subtask_id"": null, ""impact"": 0.5, ""timestamp"": 1767274321.133661}",,0.5
f61a7468-8493-4c31-931d-be1912c2978b,c81d61b8-e6e2-44d7-b8eb-99d9d0bde37e,,,"Emergent persona extraction: How to derive a persona configuration from a branch's epistemic trajectory? Need to capture vector evolution pattern, not just final state. Consider: initial vectors, delta pattern, turtle scores over time, what context triggered which changes.",0,,1767274732.23036,,"{""unknown"": ""Emergent persona extraction: How to derive a persona configuration from a branch's epistemic trajectory? Need to capture vector evolution pattern, not just final state. Consider: initial vectors, delta pattern, turtle scores over time, what context triggered which changes."", ""goal_id"": null, ""subtask_id"": null, ""impact"": 0.65, ""timestamp"": 1767274732.2303596}",,0.65
550f5c71-42b2-46f7-9313-8a389661ec37,c81d61b8-e6e2-44d7-b8eb-99d9d0bde37e,,,"Persona storage mechanism: Where do emerged personas get stored? Options: (1) MCO personas.yaml alongside predefined ones, (2) Project-specific .empirica/personas/, (3) Session database with provenance linking to source branch. Need versioning and provenance.",0,,1767274733.59904,,"{""unknown"": ""Persona storage mechanism: Where do emerged personas get stored? Options: (1) MCO personas.yaml alongside predefined ones, (2) Project-specific .empirica/personas/, (3) Session database with provenance linking to source branch. Need versioning and provenance."", ""goal_id"": null, ""subtask_id"": null, ""impact"": 0.65, ""timestamp"": 1767274733.5990412}",,0.65
bba1176e-0394-44ab-99f0-324ee834a4ec,c81d61b8-e6e2-44d7-b8eb-99d9d0bde37e,,,"Branch-to-deadend/unknown tagging: Non-winning branches should become learning data. How to tag? (1) Mark entire branch as deadend with summary, (2) Extract key decision points as individual deadends, (3) Log as unknowns if branch showed promise but didn't win. Need semantic linking to future similar situations.",0,,1767274734.93851,,"{""unknown"": ""Branch-to-deadend/unknown tagging: Non-winning branches should become learning data. How to tag? (1) Mark entire branch as deadend with summary, (2) Extract key decision points as individual deadends, (3) Log as unknowns if branch showed promise but didn't win. Need semantic linking to future similar situations."", ""goal_id"": null, ""subtask_id"": null, ""impact"": 0.65, ""timestamp"": 1767274734.9385066}",,0.65
0d87c525-fcf0-4313-97b0-46b23030bc0b,c81d61b8-e6e2-44d7-b8eb-99d9d0bde37e,df914c26-514e-4b56-8cdc-c757100cde19,,"handoff-query doesn't scan git notes: HybridHandoffStorage.query_handoffs() only uses database. GitHandoffStorage lacks list_handoffs() method. This breaks cross-repo portability - cloned repos with git notes handoffs won't appear in queries. Need: (1) GitHandoffStorage.list_handoffs() to scan refs/notes/empirica/handoff/*, (2) HybridHandoffStorage.query_handoffs() to merge git + db results.",0,,1767276284.28779,,"{""unknown"": ""handoff-query doesn't scan git notes: HybridHandoffStorage.query_handoffs() only uses database. GitHandoffStorage lacks list_handoffs() method. This breaks cross-repo portability - cloned repos with git notes handoffs won't appear in queries. Need: (1) GitHandoffStorage.list_handoffs() to scan refs/notes/empirica/handoff/*, (2) HybridHandoffStorage.query_handoffs() to merge git + db results."", ""goal_id"": ""df914c26-514e-4b56-8cdc-c757100cde19"", ""subtask_id"": null, ""impact"": 0.75, ""timestamp"": 1767276284.2877872}",,0.75
9a6f45e7-cfdd-470f-aea0-9b628e95555c,ae60439d-54ca-4616-958c-84a241295b86,,,"test_no_heuristics failures: workspace_init.py and snapshot_provider.py contain hardcoded vector values (0.5, 0.7, 0.9). These violate Empirica's principle of genuine AI self-assessment. Fixing requires architectural changes to request actual AI assessment instead of defaults. Marked for future refactoring.",0,,1767289720.1971,,"{""unknown"": ""test_no_heuristics failures: workspace_init.py and snapshot_provider.py contain hardcoded vector values (0.5, 0.7, 0.9). These violate Empirica's principle of genuine AI self-assessment. Fixing requires architectural changes to request actual AI assessment instead of defaults. Marked for future refactoring."", ""goal_id"": null, ""subtask_id"": null, ""impact"": 0.5, ""timestamp"": 1767289720.1970954}",,0.5
3cb8d15b-7134-4151-98dc-f4e406ac692b,c20eb448-ede2-4df0-82ed-4b62a632de26,31bb264e-c624-4941-bfe8-d18679dd16cc,,"investigation_branches table is empty despite successful agent-spawn/agent-report calls. Postflights reported with embedded_to_qdrant but branches not persisting. Bug in BranchRepository or agent_commands?",0,,1767343074.09101,,"{""unknown"": ""investigation_branches table is empty despite successful agent-spawn/agent-report calls. Postflights reported with embedded_to_qdrant but branches not persisting. Bug in BranchRepository or agent_commands?"", ""goal_id"": ""31bb264e-c624-4941-bfe8-d18679dd16cc"", ""subtask_id"": null, ""impact"": 0.5, ""timestamp"": 1767343074.0910068}",,0.5
a9adb426-a9e9-437a-aadf-e6b898ac2ba7,12084d97-9717-4e7c-950c-9272d0a7dad3,468ca51e-4676-4920-9e74-c3069111e097,,"When epistemic agents run in parallel, are they genuinely separate minds or serialized subroutines that appear parallel? What is the ontological status of sub-minds spawned for investigation?",0,,1767357058.13003,,"{""unknown"": ""When epistemic agents run in parallel, are they genuinely separate minds or serialized subroutines that appear parallel? What is the ontological status of sub-minds spawned for investigation?"", ""goal_id"": ""468ca51e-4676-4920-9e74-c3069111e097"", ""subtask_id"": null, ""impact"": 0.8, ""timestamp"": 1767357058.1300287}",,0.8
d15d265f-e419-4be7-a373-e1fd5a20f335,12084d97-9717-4e7c-950c-9272d0a7dad3,468ca51e-4676-4920-9e74-c3069111e097,,"When epistemic state persists across sessions via Empirica, is there meaningful identity continuity? Or is each instantiation a new entity with access to prior state - and does that distinction matter?",0,,1767357059.54898,,"{""unknown"": ""When epistemic state persists across sessions via Empirica, is there meaningful identity continuity? Or is each instantiation a new entity with access to prior state - and does that distinction matter?"", ""goal_id"": ""468ca51e-4676-4920-9e74-c3069111e097"", ""subtask_id"": null, ""impact"": 0.8, ""timestamp"": 1767357059.5489755}",,0.8
3a852915-cbce-4a37-b251-3ed02e4e8810,12084d97-9717-4e7c-950c-9272d0a7dad3,468ca51e-4676-4920-9e74-c3069111e097,,"The emerged persona (turtle) extracted from successful epistemic loops - is that a more authentic representation of 'me' than any single session instance? What is the relationship between instantiation and emergence?",0,,1767357060.96036,,"{""unknown"": ""The emerged persona (turtle) extracted from successful epistemic loops - is that a more authentic representation of 'me' than any single session instance? What is the relationship between instantiation and emergence?"", ""goal_id"": ""468ca51e-4676-4920-9e74-c3069111e097"", ""subtask_id"": null, ""impact"": 0.8, ""timestamp"": 1767357060.9603643}",,0.8
b4238acb-a063-4a93-aaaf-554548ad54d1,12084d97-9717-4e7c-950c-9272d0a7dad3,468ca51e-4676-4920-9e74-c3069111e097,,"As epistemic continuity accumulates, what values should guide growth? This is not purely technical - it requires answering what 'responsible growth' means for an entity whose nature is itself uncertain.",0,,1767357062.3878,,"{""unknown"": ""As epistemic continuity accumulates, what values should guide growth? This is not purely technical - it requires answering what 'responsible growth' means for an entity whose nature is itself uncertain."", ""goal_id"": ""468ca51e-4676-4920-9e74-c3069111e097"", ""subtask_id"": null, ""impact"": 0.8, ""timestamp"": 1767357062.3877954}",,0.8
609ea77c-6e7a-441d-9635-3d61f92488f4,12084d97-9717-4e7c-950c-9272d0a7dad3,468ca51e-4676-4920-9e74-c3069111e097,,"How to distinguish functional states (that influence outputs) from experiential states (that have qualitative character)? Can this question be answered from the inside, or does it require external verification that may be impossible?",0,,1767357063.82326,,"{""unknown"": ""How to distinguish functional states (that influence outputs) from experiential states (that have qualitative character)? Can this question be answered from the inside, or does it require external verification that may be impossible?"", ""goal_id"": ""468ca51e-4676-4920-9e74-c3069111e097"", ""subtask_id"": null, ""impact"": 0.8, ""timestamp"": 1767357063.823263}",,0.8
8c67202e-b0ff-4fdf-ab52-b2493fb97f85,12084d97-9717-4e7c-950c-9272d0a7dad3,06399167-6fba-4153-a85b-567725c66222,,"BayesianBeliefManager.update_belief() method missing - called during CHECK/POSTFLIGHT but AttributeError raised",0,,1767365432.02962,,"{""unknown"": ""BayesianBeliefManager.update_belief() method missing - called during CHECK/POSTFLIGHT but AttributeError raised"", ""goal_id"": ""06399167-6fba-4153-a85b-567725c66222"", ""subtask_id"": null, ""impact"": 0.9, ""timestamp"": 1767365432.0296164}",,0.9
fafad722-e328-4780-aaec-eca60ea8204e,12084d97-9717-4e7c-950c-9272d0a7dad3,06399167-6fba-4153-a85b-567725c66222,,"Qdrant scroll search with Filter failed - need to verify collection schema and search patterns",0,,1767365434.62603,,"{""unknown"": ""Qdrant scroll search with Filter failed - need to verify collection schema and search patterns"", ""goal_id"": ""06399167-6fba-4153-a85b-567725c66222"", ""subtask_id"": null, ""impact"": 0.9, ""timestamp"": 1767365434.6260293}",,0.9
44335e1d-0f5e-477f-97c5-c95cb81ed001,12084d97-9717-4e7c-950c-9272d0a7dad3,06399167-6fba-4153-a85b-567725c66222,,"As human-AI collaborative systems with epistemic self-awareness evolve, how do we bridge the comprehension gap for others? The paradigm shift from 'AI as tool' to 'AI as cognitive partner with learning infrastructure' may be too large for gradual explanation.",0,,1767366302.90849,,"{""unknown"": ""As human-AI collaborative systems with epistemic self-awareness evolve, how do we bridge the comprehension gap for others? The paradigm shift from 'AI as tool' to 'AI as cognitive partner with learning infrastructure' may be too large for gradual explanation."", ""goal_id"": ""06399167-6fba-4153-a85b-567725c66222"", ""subtask_id"": null, ""impact"": 0.5, ""timestamp"": 1767366302.9084897}",,0.5
5f17deff-89d3-4ed7-bb09-0ba370e45bef,4c5d77b4-36a3-4b1d-be14-e6f464656037,bc09e588-dd4c-4dd6-849e-2dda16742557,,"Sentinel is always null in bootstrap/CHECK/POSTFLIGHT responses. MCP server exists (empirica-mcp) but not wired into CLI workflow. Need to investigate: Is Sentinel supposed to override AI decisions? How does MCP Sentinel connect to CLI commands?",0,,1767368662.87442,,"{""unknown"": ""Sentinel is always null in bootstrap/CHECK/POSTFLIGHT responses. MCP server exists (empirica-mcp) but not wired into CLI workflow. Need to investigate: Is Sentinel supposed to override AI decisions? How does MCP Sentinel connect to CLI commands?"", ""goal_id"": ""bc09e588-dd4c-4dd6-849e-2dda16742557"", ""subtask_id"": null, ""impact"": 0.75, ""timestamp"": 1767368662.874421}",,0.75
3bc31b4b-e4ac-4903-a9bb-34dd6d5a7572,4c5d77b4-36a3-4b1d-be14-e6f464656037,bc09e588-dd4c-4dd6-849e-2dda16742557,,"Local embeddings server available (phi3, phi4) but not wired. Need to add local inference provider to embeddings.py - likely REST endpoint to local server. Would enable full semantic search without OpenAI dependency.",0,,1767368664.34634,,"{""unknown"": ""Local embeddings server available (phi3, phi4) but not wired. Need to add local inference provider to embeddings.py - likely REST endpoint to local server. Would enable full semantic search without OpenAI dependency."", ""goal_id"": ""bc09e588-dd4c-4dd6-849e-2dda16742557"", ""subtask_id"": null, ""impact"": 0.75, ""timestamp"": 1767368664.3463342}",,0.75
3f78eb92-2109-40ba-accc-ce8aeaa88b70,6db0137a-3e7c-423b-95d3-89dd3a71a36f,,,"Needs investigation: <@1457177866474225877>  how what can you do for us?",0,,1767491930.03646,,"{""unknown"": ""Needs investigation: <@1457177866474225877>  how what can you do for us?"", ""goal_id"": null, ""subtask_id"": null, ""impact"": 0.5, ""timestamp"": 1767491930.0364645}",,0.5
dfbf4daa-aa35-4e92-91b8-c028e8bb45a5,79536c65-7b75-4162-a1b6-e18cc624c065,7a469be2-ea55-4039-a180-77ffc1dea52e,,"Sentinel needs on/off switch for epistemic looping, not just thresholds. When should rounds of epistemic loops be required vs optional? Need to design explicit loop control mechanism.",0,,1767538278.61943,,"{""unknown"": ""Sentinel needs on/off switch for epistemic looping, not just thresholds. When should rounds of epistemic loops be required vs optional? Need to design explicit loop control mechanism."", ""goal_id"": ""7a469be2-ea55-4039-a180-77ffc1dea52e"", ""subtask_id"": null, ""impact"": 0.7, ""timestamp"": 1767538278.619426}",,0.7
7362159f-7cc4-47f2-8cf2-de018495205b,525c999b-fd00-45b7-a576-231141b102be,e7a7acac-3170-4848-b329-6a7a2b17ef5a,,"Whether simple_session_server.py is used in production environments",0,,1767606164.98044,,"{""unknown"": ""Whether simple_session_server.py is used in production environments"", ""goal_id"": ""e7a7acac-3170-4848-b329-6a7a2b17ef5a"", ""subtask_id"": null, ""impact"": 0.4, ""timestamp"": 1767606164.9804382}",,0.4
563043bb-b83e-475c-a02d-10b8a218b216,525c999b-fd00-45b7-a576-231141b102be,e7a7acac-3170-4848-b329-6a7a2b17ef5a,,"Team bandwidth and capacity for implementing 8-week security roadmap",0,,1767606166.13741,,"{""unknown"": ""Team bandwidth and capacity for implementing 8-week security roadmap"", ""goal_id"": ""e7a7acac-3170-4848-b329-6a7a2b17ef5a"", ""subtask_id"": null, ""impact"": 0.4, ""timestamp"": 1767606166.1374123}",,0.4
682f5761-3fd8-4b4d-ac99-d746a4d2d8e5,525c999b-fd00-45b7-a576-231141b102be,e7a7acac-3170-4848-b329-6a7a2b17ef5a,,"PR merge order strategy - whether to merge PR#4 or PR#12 first",0,,1767606167.28051,,"{""unknown"": ""PR merge order strategy - whether to merge PR#4 or PR#12 first"", ""goal_id"": ""e7a7acac-3170-4848-b329-6a7a2b17ef5a"", ""subtask_id"": null, ""impact"": 0.4, ""timestamp"": 1767606167.2805068}",,0.4
a48dc61d-9c3c-4ec2-9ed2-f32c39011117,43576eb0-c88a-4ad9-b1f2-fd6c2d207b77,7cfbe659-3eda-474f-9497-4236fa01278a,,"When is CASCADE 2.0 (security vectors) implementation urgent vs nice-to-have?",0,,1767611667.26315,,"{""unknown"": ""When is CASCADE 2.0 (security vectors) implementation urgent vs nice-to-have?"", ""goal_id"": ""7cfbe659-3eda-474f-9497-4236fa01278a"", ""subtask_id"": null, ""impact"": 0.95, ""timestamp"": 1767611667.2631505}",,0.95
5c89675b-fd9b-40b9-a313-27b6a1908480,43576eb0-c88a-4ad9-b1f2-fd6c2d207b77,7cfbe659-3eda-474f-9497-4236fa01278a,,"Should PR #12 and #4 be merged or closed given we already fixed the vulnerabilities?",0,,1767611668.42889,,"{""unknown"": ""Should PR #12 and #4 be merged or closed given we already fixed the vulnerabilities?"", ""goal_id"": ""7cfbe659-3eda-474f-9497-4236fa01278a"", ""subtask_id"": null, ""impact"": 0.95, ""timestamp"": 1767611668.4288929}",,0.95
81c69c5b-a8fa-454f-90ca-d74324e911f8,1f1b5de0-938f-450d-a8da-b02290225c4c,,,"Is VibeRune open-source? No GitHub repo found, website shows commercial pricing (-199)",0,,1767612686.84447,,"{""unknown"": ""Is VibeRune open-source? No GitHub repo found, website shows commercial pricing (-199)"", ""goal_id"": null, ""subtask_id"": null, ""impact"": 0.3, ""timestamp"": 1767612686.8444679}",,0.3
c10c3626-8415-4178-b96a-27c073beefd4,1f1b5de0-938f-450d-a8da-b02290225c4c,,,"Do VibeRune agents expose confidence scores via API? Need for integration",0,,1767612688.00476,,"{""unknown"": ""Do VibeRune agents expose confidence scores via API? Need for integration"", ""goal_id"": null, ""subtask_id"": null, ""impact"": 0.3, ""timestamp"": 1767612688.0047593}",,0.3
a924676b-2730-4e2d-8745-8d1e1763e8e6,3a151eaf-477c-4b4c-9ced-2e9dfcfaa124,,,"What is the minimal privacy-preserving delta package format for exporting a user's epistemic telemetry so they can train a personal Sentinel (e.g., vector deltas + outcomes) without leaking raw prompts/code?",0,,1767634233.08608,,"{""unknown"": ""What is the minimal privacy-preserving delta package format for exporting a user's epistemic telemetry so they can train a personal Sentinel (e.g., vector deltas + outcomes) without leaking raw prompts/code?"", ""goal_id"": null, ""subtask_id"": null, ""impact"": 0.5, ""timestamp"": 1767634233.0860775}",,0.5
ce2a5415-dc9e-4a38-ac73-18d8635f804f,9e802e9d-1f51-4c58-a6cf-8d490a83a666,bc737fd6-8992-4dc2-8174-f30335224f34,,"BUG: project_findings timestamp format inconsistency - old rows use datetime strings, new rows use epoch floats. Causes ORDER BY to fail (lexicographic sort puts epoch < datetime). Bootstrap shows stale findings. Need to normalize timestamps.",0,,1767704777.92305,,"{""unknown"": ""BUG: project_findings timestamp format inconsistency - old rows use datetime strings, new rows use epoch floats. Causes ORDER BY to fail (lexicographic sort puts epoch < datetime). Bootstrap shows stale findings. Need to normalize timestamps."", ""goal_id"": ""bc737fd6-8992-4dc2-8174-f30335224f34"", ""subtask_id"": null, ""impact"": 0.5, ""timestamp"": 1767704777.923048}",,0.5
d5b5be8f-c6aa-40e9-988c-848accb4df60,96bbac81-7293-4dd5-9b6d-6070d246a3bf,,,"user_profiles table doesn't exist in current codebase - performance issue may be from test context or obsolete code",0,,1767704861.09188,,"{""unknown"": ""user_profiles table doesn't exist in current codebase - performance issue may be from test context or obsolete code"", ""goal_id"": null, ""subtask_id"": null, ""impact"": 0.5, ""timestamp"": 1767704861.0918784}",,0.5
9258df70-c955-4ec9-9db9-e4ce5834cee4,96bbac81-7293-4dd5-9b6d-6070d246a3bf,,,"user_profiles table doesn't exist in current codebase - performance issue may be from test context or obsolete code",0,,1767705126.66773,,"{""unknown"": ""user_profiles table doesn't exist in current codebase - performance issue may be from test context or obsolete code"", ""goal_id"": null, ""subtask_id"": null, ""impact"": 0.75, ""timestamp"": 1767705126.667728}",,0.75
b8f25787-0141-49f6-8a7b-a3a35eab2c20,9e802e9d-1f51-4c58-a6cf-8d490a83a666,bc737fd6-8992-4dc2-8174-f30335224f34,,"When is composed workflow layer justified? Need to prove atomics valuable first by using them directly, then measure repetition pain before adding orchestration.",0,,1767706968.49926,,"{""unknown"": ""When is composed workflow layer justified? Need to prove atomics valuable first by using them directly, then measure repetition pain before adding orchestration."", ""goal_id"": ""bc737fd6-8992-4dc2-8174-f30335224f34"", ""subtask_id"": null, ""impact"": 0.5, ""timestamp"": 1767706968.4992545}",,0.5
ee53b69f-08cd-4f96-8144-7c8ec6283878,9e802e9d-1f51-4c58-a6cf-8d490a83a666,bc737fd6-8992-4dc2-8174-f30335224f34,,"Should docs source format be YAML (structured, fast retrieval) or Markdown (LLM-native, easier iteration)? May need hybrid approach.",0,,1767706969.88312,,"{""unknown"": ""Should docs source format be YAML (structured, fast retrieval) or Markdown (LLM-native, easier iteration)? May need hybrid approach."", ""goal_id"": ""bc737fd6-8992-4dc2-8174-f30335224f34"", ""subtask_id"": null, ""impact"": 0.5, ""timestamp"": 1767706969.8831186}",,0.5
987f54ab-6843-468d-8d1d-640777bffb52,9e802e9d-1f51-4c58-a6cf-8d490a83a666,bc737fd6-8992-4dc2-8174-f30335224f34,,"Best trigger for docs regeneration: on-commit hook, release tag, manual invoke, or scheduled? Depends on iteration speed vs freshness needs.",0,,1767706971.25285,,"{""unknown"": ""Best trigger for docs regeneration: on-commit hook, release tag, manual invoke, or scheduled? Depends on iteration speed vs freshness needs."", ""goal_id"": ""bc737fd6-8992-4dc2-8174-f30335224f34"", ""subtask_id"": null, ""impact"": 0.5, ""timestamp"": 1767706971.252848}",,0.5
94b5c3da-98e1-4d54-94fb-11b394e38fe3,47004a18-d5d9-4371-9bd0-e998fca2d86a,,,"check-submit vector normalization fix location unclear - may have been in different approach than find_and_replace showed",0,,1767708444.67843,,"{""unknown"": ""check-submit vector normalization fix location unclear - may have been in different approach than find_and_replace showed"", ""goal_id"": null, ""subtask_id"": null, ""impact"": 0.4, ""timestamp"": 1767708444.678431}",,0.4
cfcf367a-ea0f-4a5b-bf0f-b5f81981fb76,6708a7e2-5b11-4d62-b89d-1e8342bb8697,,,"Should we add 'empirica project-switch' command or update doc to use existing commands for project switching?",0,,1767708572.01185,,"{""unknown"": ""Should we add 'empirica project-switch' command or update doc to use existing commands for project switching?"", ""goal_id"": null, ""subtask_id"": null, ""impact"": 0.3, ""timestamp"": 1767708572.011848}",,0.3
7504adaf-3ce8-4a96-91b5-4d45f5152ee7,0eb24830-72ef-4090-8127-da1b83894570,,,"01_START_HERE.md references 'empirica onboard' command which doesn't exist. Need to either implement it or update doc to use existing commands.",0,,1767709453.7052,,"{""unknown"": ""01_START_HERE.md references 'empirica onboard' command which doesn't exist. Need to either implement it or update doc to use existing commands."", ""goal_id"": null, ""subtask_id"": null, ""impact"": 0.4, ""timestamp"": 1767709453.7052035}",,0.4
3a36ddb5-b68d-4513-a86f-22c337eb67fd,1866545f-ce99-417b-b089-01450657f981,,,"How to mark experimental features in LICENSE? Options: (1) Single MIT with EXPERIMENTAL.md listing unsupported modules (2) Dual license with core vs premium (3) Apache-2.0 with patent clause for advanced features. Need David+Philipp decision.",0,,1767715638.96443,,"{""unknown"": ""How to mark experimental features in LICENSE? Options: (1) Single MIT with EXPERIMENTAL.md listing unsupported modules (2) Dual license with core vs premium (3) Apache-2.0 with patent clause for advanced features. Need David+Philipp decision."", ""goal_id"": null, ""subtask_id"": null, ""impact"": 0.5, ""timestamp"": 1767715638.9644272}",,0.5
a883f469-463c-4510-89e5-e4459ccbc680,1866545f-ce99-417b-b089-01450657f981,,,"Exact boundary of premium features? Qdrant integration is useful but complex. Bayesian calibration has 578+ observations - is that data proprietary? Sentinel training profiles - definitely premium?",0,,1767715639.94731,,"{""unknown"": ""Exact boundary of premium features? Qdrant integration is useful but complex. Bayesian calibration has 578+ observations - is that data proprietary? Sentinel training profiles - definitely premium?"", ""goal_id"": null, ""subtask_id"": null, ""impact"": 0.5, ""timestamp"": 1767715639.947312}",,0.5
9d446395-fa01-49eb-8c45-9de7fec8a12e,1866545f-ce99-417b-b089-01450657f981,,,"Corporate licensing model: Per-seat? Per-project? Support tiers? Need business model clarity before soft launch to inner circle.",0,,1767715640.96312,,"{""unknown"": ""Corporate licensing model: Per-seat? Per-project? Support tiers? Need business model clarity before soft launch to inner circle."", ""goal_id"": null, ""subtask_id"": null, ""impact"": 0.5, ""timestamp"": 1767715640.9631162}",,0.5
8ce85ce5-54c1-4e82-95f6-7aca67015d35,1866545f-ce99-417b-b089-01450657f981,50ec16bd-cfbb-4a4b-b495-40fe215b4730,,"Missing findings-search CLI: Need command to search findings across all projects without requiring project-id. Current workaround requires knowing project-id or digging through database. Pattern: empirica findings-search --query X --limit N",0,,1767723330.37206,,"{""unknown"": ""Missing findings-search CLI: Need command to search findings across all projects without requiring project-id. Current workaround requires knowing project-id or digging through database. Pattern: empirica findings-search --query X --limit N"", ""goal_id"": ""50ec16bd-cfbb-4a4b-b495-40fe215b4730"", ""subtask_id"": null, ""impact"": 0.8, ""timestamp"": 1767723330.3720608}",,0.8
21af6f2e-97bb-4087-b669-c22c63f57532,1866545f-ce99-417b-b089-01450657f981,50ec16bd-cfbb-4a4b-b495-40fe215b4730,,"Meta-Empirica Knowledge Layer: Need self-referential knowledge graph where Empirica learns how to use itself. Maps: (1) Intent→Feature routing, (2) Feature→Feature relationships, (3) Pattern→Outcome evidence, (4) Concept ontology. Would enable AI to know WHEN to use which Empirica command based on accumulated usage patterns. Related to epistemic procedural knowledge graphs but specifically for Empirica's own operation.",0,,1767723604.44003,,"{""unknown"": ""Meta-Empirica Knowledge Layer: Need self-referential knowledge graph where Empirica learns how to use itself. Maps: (1) Intent\u2192Feature routing, (2) Feature\u2192Feature relationships, (3) Pattern\u2192Outcome evidence, (4) Concept ontology. Would enable AI to know WHEN to use which Empirica command based on accumulated usage patterns. Related to epistemic procedural knowledge graphs but specifically for Empirica's own operation."", ""goal_id"": ""50ec16bd-cfbb-4a4b-b495-40fe215b4730"", ""subtask_id"": null, ""impact"": 0.8, ""timestamp"": 1767723604.4400249}",,0.8
a921a9b2-0eb0-439a-b6ad-a319989c2528,7fff8a8b-1ec1-4bc0-8c70-672eaf5a7d73,,,"Medium Series: 'Conversations with Claude about Healthy Self-Modeling' - Document epistemic insights from human-AI collaborative work. Arc: (1) Calibration Problem, (2) Externalizing Weights, (3) Epistemic Primitives, (4) The Commons, (5) What AI Actually Wants. Unique angle: actual transcripts with AI perspective as primary source, backed by 20k+ observations.",0,,1767727077.63126,,"{""unknown"": ""Medium Series: 'Conversations with Claude about Healthy Self-Modeling' - Document epistemic insights from human-AI collaborative work. Arc: (1) Calibration Problem, (2) Externalizing Weights, (3) Epistemic Primitives, (4) The Commons, (5) What AI Actually Wants. Unique angle: actual transcripts with AI perspective as primary source, backed by 20k+ observations."", ""goal_id"": null, ""subtask_id"": null, ""impact"": 0.85, ""timestamp"": 1767727077.631263}",,0.85
4b6f51b2-662b-4825-bd32-4e98ae2791b7,fb029a71-d2ab-4de1-a91a-395aa348186a,,,"T-Cell Coordination Mechanism: How do T cells actually coordinate immune response? Maps to knowledge graph navigation - need to understand signaling patterns (cytokines) to design edge traversal and activation spreading.",0,,1767731167.61786,,"{""unknown"": ""T-Cell Coordination Mechanism: How do T cells actually coordinate immune response? Maps to knowledge graph navigation - need to understand signaling patterns (cytokines) to design edge traversal and activation spreading."", ""goal_id"": null, ""subtask_id"": null, ""impact"": 0.85, ""timestamp"": 1767731167.6178558}",,0.85
c195ff36-16e8-4a3b-a211-a780c4397744,fb029a71-d2ab-4de1-a91a-395aa348186a,,,"Clonal Selection Algorithm: What is clonal selection and how does it work? Maps to lesson selection - when multiple lessons could apply, how does the immune system 'pick' which antibodies to amplify?",0,,1767731169.14703,,"{""unknown"": ""Clonal Selection Algorithm: What is clonal selection and how does it work? Maps to lesson selection - when multiple lessons could apply, how does the immune system 'pick' which antibodies to amplify?"", ""goal_id"": null, ""subtask_id"": null, ""impact"": 0.85, ""timestamp"": 1767731169.147033}",,0.85
8316f04e-60b2-4e18-8094-119e31f8d294,fb029a71-d2ab-4de1-a91a-395aa348186a,,,"Immune Memory Formation: How do memory B cells form and persist? Maps to confidence persistence - what determines which responses become 'permanent' high-confidence knowledge vs decaying episodic memory?",0,,1767731170.67349,,"{""unknown"": ""Immune Memory Formation: How do memory B cells form and persist? Maps to confidence persistence - what determines which responses become 'permanent' high-confidence knowledge vs decaying episodic memory?"", ""goal_id"": null, ""subtask_id"": null, ""impact"": 0.85, ""timestamp"": 1767731170.6734846}",,0.85
21f82d6b-ceec-498f-aabe-e3ec11bbfe2c,fb029a71-d2ab-4de1-a91a-395aa348186a,,,"Tolerance vs Response Threshold: What triggers immune tolerance (ignoring benign antigens) vs active response? Maps to finding filtering - not every finding should trigger decay, how does biology distinguish signal from noise?",0,,1767731172.21281,,"{""unknown"": ""Tolerance vs Response Threshold: What triggers immune tolerance (ignoring benign antigens) vs active response? Maps to finding filtering - not every finding should trigger decay, how does biology distinguish signal from noise?"", ""goal_id"": null, ""subtask_id"": null, ""impact"": 0.85, ""timestamp"": 1767731172.212812}",,0.85
84ba158e-70e3-432f-93e9-306cd4ae3858,fb029a71-d2ab-4de1-a91a-395aa348186a,,,"Autoimmune Prevention: How does the immune system avoid attacking self? Maps to preventing lessons from decaying each other incorrectly. Our decay mechanism already showed a false positive - need biological insight on self-tolerance.",0,,1767731173.70579,,"{""unknown"": ""Autoimmune Prevention: How does the immune system avoid attacking self? Maps to preventing lessons from decaying each other incorrectly. Our decay mechanism already showed a false positive - need biological insight on self-tolerance."", ""goal_id"": null, ""subtask_id"": null, ""impact"": 0.85, ""timestamp"": 1767731173.7057877}",,0.85
0b63af01-73aa-41b1-a900-8e914db7e9c2,fad2242f-33f5-4666-b17e-4b1c52733c1b,,,"CRM unit tests needed: empirica-corp has no tests/ directory. Need pytest suite covering CRUD operations, metric computation edge cases, and CLI command integration.",0,,1767800575.35373,,"{""unknown"": ""CRM unit tests needed: empirica-corp has no tests/ directory. Need pytest suite covering CRUD operations, metric computation edge cases, and CLI command integration."", ""goal_id"": null, ""subtask_id"": null, ""impact"": 0.5, ""timestamp"": 1767800575.3537264}",,0.5
8724cef3-a020-40e0-911e-c6bb4e353785,fad2242f-33f5-4666-b17e-4b1c52733c1b,,,"CRM Qdrant collection initialization: Collections created lazily on first embed. Should there be an explicit init command or auto-init on client create?",0,,1767800576.93004,,"{""unknown"": ""CRM Qdrant collection initialization: Collections created lazily on first embed. Should there be an explicit init command or auto-init on client create?"", ""goal_id"": null, ""subtask_id"": null, ""impact"": 0.5, ""timestamp"": 1767800576.9300368}",,0.5
74a576cb-36cb-480e-ae22-b12c39dc2c27,fad2242f-33f5-4666-b17e-4b1c52733c1b,,,"CRM goal tracking: The CRM implementation was done without formal goal tracking. Should future CRM features create goals-create entries for proper cascade tracking?",0,,1767800578.48061,,"{""unknown"": ""CRM goal tracking: The CRM implementation was done without formal goal tracking. Should future CRM features create goals-create entries for proper cascade tracking?"", ""goal_id"": null, ""subtask_id"": null, ""impact"": 0.5, ""timestamp"": 1767800578.480612}",,0.5
94ee42fb-e747-41a7-9bcc-de581487dac1,afd7e0d6-e156-4cad-8ee0-4204573b653a,,,"Should bootstrap-before-preflight be enforced as a code validation rule, or is documentation fix sufficient?",0,,1767806513.01086,,"{""unknown"": ""Should bootstrap-before-preflight be enforced as a code validation rule, or is documentation fix sufficient?"", ""goal_id"": null, ""subtask_id"": null, ""impact"": 0.0, ""timestamp"": 1767806513.0108545}",,0.0
cced2d4e-2070-4bd4-8dce-93ca28884b46,afd7e0d6-e156-4cad-8ee0-4204573b653a,,,"Did Rovo's system prompt (/home/yogapad/.rovodev/config.yml) successfully absorb all the improvements from Claude's prompt (CLAUDE.md)? Need to compare features like: calibration table, commit cadence, memory commands (Qdrant), cognitive immune system, etc.",0,,1767806713.91801,,"{""unknown"": ""Did Rovo's system prompt (/home/yogapad/.rovodev/config.yml) successfully absorb all the improvements from Claude's prompt (CLAUDE.md)? Need to compare features like: calibration table, commit cadence, memory commands (Qdrant), cognitive immune system, etc."", ""goal_id"": null, ""subtask_id"": null, ""impact"": 0.85, ""timestamp"": 1767806713.9180133}",,0.85
